Session;N_Antagene;Région;Population;Projet;Code_lot ou Code_ech Client;Type analyse;Type prélèvement;Tri;N° Animal 2020;Sexe;Taux d'amplification ou IQ;Marker OK;Nb réplicats;Assignation espèce;Probabilité timidus;CI95_bottom timidus;CI95_up timidus;Commentaires ANTAGENE;LSA2;LSA3;LSA6;LSA8;OCELAMB;OCELS1B;SAT08;SAT12;SAT13;SOL30;SOL33;SOL8;ZFXY-SRY;Nb crottes lot;N_tube ANTAGENE;date_relev;trace_sour;date_creat;nom_maille;id_lot;cod_maille;observateur;commune;lieu-dit;altitude;X;Y;Informations supplémentaires
S04_2020;626117;Mercantour;;F414;;individuelle;fèces silica;3-Exploitable;S04-001;Mâle;0,846153846153846;10;1;timidus;0,997;0,968;1;;246248;218218;172172;000000;117117;158174;200200;114130;000000;182182;215220;116118;XY;1;-;2020-01-02;;;;;;Pardi;;Madone;0;1048959;6344247;
S04_2020;626124;Mercantour;;F414;;individuelle;fèces silica;2-Douteux;NA;Mâle;0,846153846153846;10;1;europaeus;0,104;0;0,346;contaminé;249249;208208;172172;191191;000000;160174;204204;130130;000000;174191;218218;122124;XY;1;-;2020-01-02;;;;;;Pardi;;Madone;0;1048729;6342686;
S04_2020;626171;Mercantour;;F414;;individuelle;fèces silica;3-Exploitable;S04-061;Mâle;1;12;1;europaeus;0,015;0;0,183;;243250;210210;172172;189191;117117;162176;204204;122138;127129;180190;218220;122124;XY;1;-;2020-02-07;;;;;;Orméa;;Balaour;0;1039353;6342811;
S04_2020;626172;Mercantour;;F414;;individuelle;fèces silica;3-Exploitable;S04-002;Mâle;0,923076923076923;11;1;timidus;0,998;0,974;1;;243248;206206;172172;189189;117117;160174;200200;114114;000000;174174;220220;118118;XY;1;-;2020-01-14;;;;;;Archimbaud;;Lac Nègre;0;1038716;6347913;
S04_2020;626179;Mercantour;;F414;;individuelle;fèces silica;2-Douteux;NA;-;0,615384615384615;8;1;timidus;0,996;0,952;1;;000000;216218;172172;000000;117117;158158;200200;126130;000000;174182;000000;116118;000000;1;-;2020-01-14;;;;;;Archimbaud;;Lac Nègre;0;1038522;6349417;
S04_2020;626180;Mercantour;;F414;;individuelle;fèces silica;3-Exploitable;S04-001;Mâle;1;12;1;timidus;0,996;0,948;1;;246248;218218;172172;189191;117117;158174;200200;114130;122129;182182;215220;116118;XY;1;-;2020-01-02;;;;;;Pardi;;Madone;0;1048981;6344167;
S04_2020;626186;Mercantour;;F414;;individuelle;fèces silica;3-Exploitable;S04-001;Mâle;1;12;1;timidus;0,99;0,871;1;;246248;218218;172172;189189;117117;158174;200202;114130;122122;182182;215220;116118;XY;1;-;2020-01-02;;;;;;Pardi;;Madone;0;1049026;6344276;
S04_2020;626649;Mercantour;;F414;;individuelle;fèces silica;3-Exploitable;S04-062;Mâle;1;12;1;europaeus;0,066;0;0,352;;243243;208208;172172;191191;117117;170170;196204;114130;129131;186197;218218;122124;XY;1;-;;;;;;;Breton;;Le Colombier;;1005409;6380829;
S04_2020;628718;Mercantour;;F414;;individuelle;fèces silica;3-Exploitable;S04-063;Mâle;1;12;1;timidus;0,987;0,826;1;;243248;208208;172172;191191;117117;160160;200200;114114;129133;172182;215220;116116;XY;1;-;2019-02-18;;;;;;Mansons;;Mounier;;1017204;6345359;
S04_2020;628719;Mercantour;;F414;;individuelle;fèces silica;3-Exploitable;S04-064;Mâle;1;12;1;timidus;0,994;0,923;1;;243247;208208;172172;189189;117117;160160;200200;126130;125125;174182;215215;116116;XY;1;-;2019-02-18;;;;;;Mansons;;Mounier;;1016788;6346906;
S04_2020;628785;Mercantour;;F414;;individuelle;fèces silica;1-Non exploitable;NA;-;0,423076923076923;6;1;timidus;0,991;0,886;1;;000000;000000;172172;000000;117117;160174;200200;122130;000000;000000;000000;116118;000000;1;-;2020-01-02;;;;;;Roux;;;2282;995507;6354923;
S04_2020;628806;Mercantour;;F414;;individuelle;fèces silica;3-Exploitable;S04-003;Mâle;1;12;1;timidus;0,986;0,82;1;;243244;208208;172172;189191;117125;152160;200200;114122;125127;174182;218220;116118;XY;1;-;2020-01-30;;;;;;Roux;;;2507;982888;6354985;
S04_2020;628808;Mercantour;;F414;;individuelle;fèces silica;3-Exploitable;S04-003;Mâle;0,846153846153846;10;1;timidus;0,987;0,839;1;;243244;208208;172172;000000;117125;152160;200200;114122;000000;174182;218220;116118;XY;1;-;2020-01-30;;;;;;Roux;;;2395;983178;6354951;
S04_2020;628814;Mercantour;;F414;;individuelle;fèces silica;3-Exploitable;S04-065;Femelle;1;12;1;timidus;0,995;0,939;1;;244248;208216;172172;189189;117117;172174;200200;114130;127127;182182;215220;116118;XX;1;-;2020-01-02;;;;;;Roux;;;2233;995708;6355576;
S04_2020;628822;Mercantour;;F414;;individuelle;fèces silica;3-Exploitable;S04-066;Femelle;1;12;1;timidus;0,994;0,916;1;;244246;216218;172172;189189;117117;160174;200200;122130;129129;174182;218220;116118;XX;1;-;2020-01-02;;;;;;Roux;;;2364;995086;6354837;
S04_2020;628823;Mercantour;;F414;;individuelle;fèces silica;3-Exploitable;S04-004;Mâle;1;12;1;timidus;0,79;0,412;1;;248257;208208;172172;189189;117117;174174;200200;114130;122127;172174;220220;116116;XY;1;-;2019-12-29;;;;;;Laurent;;Laus;;995722;6355629;
S04_2020;628826;Mercantour;;F414;;individuelle;fèces silica;3-Exploitable;S04-005;Mâle;1;12;1;timidus;0,997;0,967;1;;248248;206206;172172;189191;117117;160160;200200;118130;127129;174182;215220;116116;XY;1;-;2019-12-29;;;;;;Laurent;;Laus;;995984;6356629;
S04_2020;628831;Mercantour;;F414;;individuelle;fèces silica;3-Exploitable;S04-003;Mâle;1;12;1;timidus;0,986;0,82;1;;243244;208208;172172;189191;117125;152160;200200;114122;125127;174182;218220;116118;XY;1;-;2020-01-30;;;;;;Roux;;;2554;982785;6355089;
S04_2020;628833;Mercantour;;F414;;individuelle;fèces silica;3-Exploitable;S04-006;Mâle;1;12;1;timidus;0,998;0,978;1;;244244;206206;172172;189189;117117;160160;200200;114114;129129;174174;220220;116116;XY;1;-;2020-01-02;;;;;;Roux;;;2279;995753;6355314;
S04_2020;628855;Mercantour;;F414;;individuelle;fèces silica;3-Exploitable;S04-003;Mâle;1;12;1;timidus;0,987;0,836;1;;243244;208208;172172;189191;117125;152160;200200;114122;125125;174182;218220;116118;XY;1;-;2020-01-30;;;;;;Roux;;;2413;983091;6354960;
S04_2020;628857;Mercantour;;F414;;individuelle;fèces silica;3-Exploitable;S04-005;Mâle;1;12;1;timidus;0,997;0,966;1;;248248;206206;172172;189191;117117;160160;200200;118130;000000;174182;215220;116116;XY;1;-;2019-12-29;;;;;;Laurent;;Laus;;996218;6355872;
S04_2020;628859;Mercantour;;F414;;individuelle;fèces silica;3-Exploitable;S04-067;Femelle;0,923076923076923;11;1;timidus;0,996;0,958;1;;248248;208218;172172;189191;117117;160174;200200;114114;000000;174182;215220;116116;XX;1;-;2020-01-02;;;;;;Roux;;;2261;996106;6355913;
S04_2020;628861;Mercantour;;F414;;individuelle;fèces silica;3-Exploitable;S04-068;Mâle;1;12;1;timidus;0,994;0,93;1;;244248;216216;172172;191191;117117;162172;200200;114126;129129;174174;215220;116118;XY;1;-;2020-01-02;;;;;;Roux;;;2406;995042;6355005;
S04_2020;628862;Mercantour;;F414;;individuelle;fèces silica;3-Exploitable;S04-006;Mâle;1;12;1;timidus;0,998;0,974;1;;244244;206206;172172;189191;117117;160160;200200;114114;129129;174174;220220;116116;XY;1;-;2020-01-02;;;;;;Roux;;;2444;994936;6354955;
S04_2020;628863;Mercantour;;F414;;individuelle;fèces silica;3-Exploitable;S04-069;Femelle;0,846153846153846;10;1;timidus;0,998;0,973;1;;000000;216216;172172;000000;117117;160160;200200;114114;127129;174174;215215;116118;XX;1;-;2020-01-02;;;;;;Roux;;;2247;995963;6356041;
S04_2020;628865;Mercantour;;F414;;individuelle;fèces silica;3-Exploitable;S04-070;Femelle;1;12;1;timidus;0,994;0,92;1;;248248;206206;172172;189191;117117;158160;200200;114130;125129;174182;215218;116118;XX;1;-;2020-01-30;;;;;;Roux;;;2158;983515;6355332;
S04_2020;628866;Mercantour;;F414;;individuelle;fèces silica;3-Exploitable;S04-004;Mâle;1;12;1;timidus;0,791;0,413;1;;248257;208208;172172;189189;117117;174174;200200;114130;122127;172174;220220;116116;XY;1;-;2019-12-29;;;;;;Laurent;;Laus;;995204;6356486;
S04_2020;630305;Mercantour;;F414;;individuelle;fèces silica;3-Exploitable;S04-071;-;0,846153846153846;11;1;timidus;0,994;0,924;1;;244244;206210;172172;189189;117117;160160;200200;114122;000000;174174;218220;116116;000000;1;-;;;;;;;Lombard;;Plateau Mallemort;;1005814;6381771;
S04_2020;630319;Mercantour;;F414;;individuelle;fèces silica;3-Exploitable;S04-072;Femelle;1;12;1;timidus;0,998;0,978;1;;248248;206216;172172;189189;117117;160160;200200;114114;129129;174182;220220;116118;XX;1;-;;;;;;;Lombard;;Baraquements viraysse;;1006307;6382871;
S04_2020;630349;Mercantour;;F414;;individuelle;fèces silica;3-Exploitable;S04-073;Femelle;1;12;1;timidus;0,995;0,937;1;;248248;208218;172172;189191;117125;160162;200200;122130;125127;174182;220220;116116;XX;1;-;2019-12-29;;;;;;Roux;;;2202;982999;6359299;
S04_2020;630350;Mercantour;;F414;;individuelle;fèces silica;3-Exploitable;S04-074;Femelle;1;12;1;timidus;0,996;0,949;1;;244248;208218;172172;189191;117117;160172;200200;114122;127127;174174;215220;116118;XX;1;-;2019-12-29;;;;;;Roux;;;2282;982651;6359126;
S04_2020;630351;Mercantour;;F414;;individuelle;fèces silica;3-Exploitable;S04-075;Femelle;1;12;1;timidus;0,99;0,87;1;;245248;216218;172172;189191;117117;160162;200200;130130;125129;164174;215218;116118;XX;1;-;2019-12-29;;;;;;Laurent;;Laus;;995563;6356364;
S04_2020;630360;Mercantour;;F414;;individuelle;fèces silica;3-Exploitable;S04-076;Femelle;0,923076923076923;11;1;timidus;0,995;0,944;1;;243248;208208;172172;189189;117117;160172;200200;114122;000000;174174;220220;116118;XX;1;-;2019-12-29;;;;;;Roux;;;2387;982672;6358838;
S04_2020;630442;Mercantour;;F414;;individuelle;fèces silica;3-Exploitable;S04-077;Mâle;1;12;1;timidus;0,998;0,977;1;;248248;218218;172172;189189;117117;158160;200200;114130;129129;174174;220220;116118;XY;1;-;2020-01-08;;;;;;;;;2728;1005739;6352619;
S04_2020;630443;Mercantour;;F414;;individuelle;fèces silica;3-Exploitable;S04-007;Mâle;0,923076923076923;11;1;timidus;0,997;0,959;1;;000000;206206;172172;189189;117117;160172;200200;114118;127129;174174;215220;116116;XY;1;-;2020-01-23;;;;;;;;;2470;1003026;6356363;
S04_2020;630444;Mercantour;;F414;;individuelle;fèces silica;3-Exploitable;S04-007;Mâle;0,846153846153846;10;1;timidus;0,996;0,958;1;;000000;206206;172172;189189;117117;160172;200200;114118;000000;174174;215220;116116;XY;1;-;2020-01-23;;;;;;;;;2365;1003239;6355922;
S04_2020;630445;Mercantour;;F414;;individuelle;fèces silica;3-Exploitable;S04-007;Mâle;0,923076923076923;11;1;timidus;0,997;0,96;1;;000000;206206;172172;189189;117117;160172;200200;114118;127129;174174;215220;116116;XY;1;-;2020-01-23;;;;;;;;;2239;1002146;6356267;
S04_2020;630446;Mercantour;;F414;;individuelle;fèces silica;3-Exploitable;S04-078;Mâle;1;12;1;europaeus;0,005;0;0,072;;257257;208208;172172;191191;117117;160170;200200;122130;122125;186186;218218;110124;XY;1;-;2020-02-06;;;;;;;;;1875;1003504;6350809;
S04_2020;630447;Mercantour;;F414;;individuelle;fèces silica;3-Exploitable;S04-079;Mâle;1;12;1;timidus;0,985;0,809;1;;243245;210210;172172;189189;117117;162174;200200;114118;127129;174174;218220;116116;XY;1;-;2020-02-06;;;;;;;;;2019;1004867;6350416;
S04_2020;630448;Mercantour;;F414;;individuelle;fèces silica;3-Exploitable;S04-008;Femelle;1;12;1;timidus;0,998;0,978;1;;248248;206218;172172;189189;117117;160160;200200;114114;129129;174174;220220;116118;XX;1;-;2020-02-06;;;;;;;;;1925;1003870;6351351;
S04_2020;630449;Mercantour;;F414;;individuelle;fèces silica;3-Exploitable;S04-008;Femelle;1;12;1;timidus;0,998;0,978;1;;248248;206218;172172;189189;117117;160160;200200;114114;129129;174174;220220;116118;XX;1;-;2020-02-06;;;;;;;;;1898;1003561;6351569;
S04_2020;630450;Mercantour;;F414;;individuelle;fèces silica;3-Exploitable;S04-080;Mâle;1;12;1;timidus;0,997;0,968;1;;245245;216216;172172;189189;117117;160172;200200;114130;129129;174182;220220;116116;XY;1;-;2020-02-09;;;;;;;;;1882;998727;6354838;
S04_2020;630451;Mercantour;;F414;;individuelle;fèces silica;3-Exploitable;S04-081;Femelle;1;12;1;timidus;0,996;0,955;1;;248253;216218;172172;191191;117121;160174;200200;114114;125127;172174;215220;116116;XX;1;-;2020-02-09;;;;;;;;;2178;997989;6355158;
S04_2020;630452;Mercantour;;F414;;individuelle;fèces silica;3-Exploitable;S04-082;Mâle;1;12;1;timidus;0,997;0,963;1;;248248;218218;172172;191191;117117;158160;200200;118130;129129;174182;215220;116116;XY;1;-;2020-02-09;;;;;;;;;2686;997359;6355216;
S04_2020;630453;Mercantour;;F414;;individuelle;fèces silica;3-Exploitable;S04-032;Mâle;0,923076923076923;11;1;timidus;0,995;0,945;1;;244248;210210;172172;191191;117117;160160;200200;130130;000000;174174;220220;116116;XY;1;-;2020-02-09;;;;;;;;;2340;997677;6355776;
S04_2020;630454;Mercantour;;F414;;individuelle;fèces silica;3-Exploitable;S04-083;Femelle;1;12;1;timidus;0,997;0,97;1;;243244;206216;172172;189191;117117;160160;200200;130130;127129;174174;215215;116116;XX;1;-;2020-02-09;;;;;;;;;1779;999028;6354689;
S04_2020;630460;Mercantour;;F414;;individuelle;fèces silica;3-Exploitable;S04-084;Femelle;0,923076923076923;11;1;timidus;0,979;0,793;1;;243248;206216;172172;189191;117117;158160;200200;114114;000000;174174;218218;116119;XX;1;-;2020-02-14;;;;;;;;;2195;998919;6356979;
S04_2020;630461;Mercantour;;F414;;individuelle;fèces silica;3-Exploitable;S04-085;Femelle;1;12;1;timidus;0,996;0,951;1;;243248;208216;172172;191191;117117;160160;200200;114130;127129;174174;220220;116116;XX;1;-;2020-02-12;;;;;;;;;2021;1000215;6353618;
S04_2020;630466;Mercantour;;F414;;individuelle;fèces silica;1-Non exploitable;NA;-;0;0;1;NA;NA;NA;NA;;000000;000000;000000;000000;000000;000000;000000;000000;000000;000000;000000;000000;000000;1;-;2020-02-19;;;;;;;;;2649;1003003;6358457;
S04_2020;630468;Mercantour;;F414;;individuelle;fèces silica;3-Exploitable;S04-086;Femelle;1;12;1;timidus;0,997;0,959;1;;243243;210216;172172;189191;117117;160174;200200;114122;125127;174182;220220;116116;XX;1;-;2020-02-12;;;;;;;;;1843;999972;6353424;
S04_2020;630469;Mercantour;;F414;;individuelle;fèces silica;3-Exploitable;S04-087;Mâle;1;12;1;timidus;0,995;0,939;1;;243243;210210;172172;189191;117117;162174;200200;114122;125127;174182;215220;116118;XY;1;-;2020-02-12;;;;;;;;;1759;999782;6353230;
S04_2020;630470;Mercantour;;F414;;individuelle;fèces silica;1-Non exploitable;NA;-;0,384615384615385;5;1;NA;NA;NA;NA;;000000;000000;172172;000000;117117;160160;200200;000000;000000;000000;000000;108108;000000;1;-;2020-02-13;;;;;;;;;1719;997745;6349494;
S04_2020;630471;Mercantour;;F414;;individuelle;fèces silica;1-Non exploitable;NA;-;0,230769230769231;3;1;NA;NA;NA;NA;;000000;000000;172172;000000;000000;000000;200200;000000;000000;000000;000000;108124;000000;1;-;2020-02-13;;;;;;;;;1905;996997;6349324;
S04_2020;630472;Mercantour;;F414;;individuelle;fèces silica;3-Exploitable;S04-088;Femelle;0,846153846153846;10;1;timidus;0,996;0,949;1;;000000;216218;172172;189189;117117;160162;200200;118130;000000;174182;215220;116116;XX;1;-;2020-02-13;;;;;;;;;1963;996306;6348841;
S04_2020;630473;Mercantour;;F414;;individuelle;fèces silica;3-Exploitable;S04-089;Femelle;1;12;1;timidus;0,997;0,969;1;;244248;216218;172172;189189;117117;160172;200200;114118;129129;174182;215215;116116;XX;1;-;2020-02-13;;;;;;;;;2030;996609;6348341;
S04_2020;630474;Mercantour;;F414;;individuelle;fèces silica;3-Exploitable;S04-090;-;0,692307692307692;9;1;timidus;0,993;0,917;1;;000000;218218;172172;000000;117117;162172;200200;114130;000000;182182;215220;116116;000000;1;-;2020-02-13;;;;;;;;;1922;997846;6348487;
S04_2020;630479;Mercantour;;F414;;individuelle;fèces silica;3-Exploitable;S04-009;Femelle;1;12;1;timidus;0,998;0,974;1;;244248;206218;172172;189189;117117;160160;200200;122130;127129;174174;215220;116116;XX;1;-;2020-01-23;;;;;;;;;2255;1002149;6356707;
S04_2020;630480;Mercantour;;F414;;individuelle;fèces silica;3-Exploitable;S04-091;Femelle;1;12;1;timidus;0,997;0,969;1;;243248;206208;172172;189191;117117;152160;200200;114114;129129;174182;215215;116116;XX;1;-;2020-02-06;;;;;;;;;2059;1003953;6350609;
S04_2020;630481;Mercantour;;F414;;individuelle;fèces silica;3-Exploitable;S04-092;Mâle;1;12;1;timidus;0,998;0,979;1;;248248;216216;172172;189189;117117;158160;200200;114130;125129;174174;215215;116118;XY;1;-;2020-02-06;;;;;;;;;1973;1004551;6350852;
S04_2020;630594;Mercantour;;F414;;individuelle;fèces silica;3-Exploitable;S04-093;Mâle;1;12;1;europaeus;0,002;0;0,023;;250257;210210;172172;191191;117119;168170;200204;130138;122124;186197;218218;122124;XY;1;-;2020-03-07;;;;;;Mansons;;Cantonnière;1958;999958;6356888;
S04_2020;630597;Mercantour;;F414;;individuelle;fèces silica;3-Exploitable;S04-009;Femelle;1;12;1;timidus;0,998;0,974;1;;244248;206218;172172;189189;117117;160160;200200;122130;127129;174174;215220;116116;XX;1;-;2020-03-07;;;;;;Mansons;;Roche trouée;0;1002375;6356544;
S04_2020;655506;Mercantour;;F414;;individuelle;fèces silica;3-Exploitable;S04-010;Mâle;0,769230769230769;9;1;timidus;0,997;0,967;1;;000000;216216;172172;189189;117117;160160;200200;114130;000000;174174;000000;116119;XY;1;-;2020-02-19;;;;;;;;;2470;1002689;6358048;
S04_2020;655507;Mercantour;;F414;;individuelle;fèces silica;3-Exploitable;S04-094;Femelle;0,923076923076923;11;1;timidus;0,997;0,966;1;;243248;206208;172172;189189;117121;160160;200200;114118;000000;164172;220220;118118;XX;1;-;2020-02-19;;;;;;;;;2359;1002449;6357535;
S04_2020;655511;Mercantour;;F414;;individuelle;fèces silica;3-Exploitable;S04-012;Mâle;0,923076923076923;11;1;timidus;0,997;0,968;1;;243244;210210;172172;189191;117117;160160;200200;114122;000000;174174;215215;116116;XY;1;-;2020-02-19;;;;;;;;;2245;1001896;6358554;
S04_2020;655551;Mercantour;;F414;;individuelle;fèces silica;3-Exploitable;S04-013;Mâle;0,846153846153846;10;1;timidus;0,997;0,97;1;;243244;216216;172172;189189;117117;160160;200200;114118;000000;174174;000000;116116;XY;1;-;2020-01-08;;;;;;;;;2480;1004047;6354321;
S04_2020;655555;Mercantour;;F414;;individuelle;fèces silica;3-Exploitable;S04-013;Mâle;0,846153846153846;10;1;timidus;0,997;0,971;1;;243244;216216;172172;189189;117117;160160;200200;114118;000000;174174;000000;116116;XY;1;-;2020-01-08;;;;;;;;;2574;1004625;6353540;
S04_2020;655563;Mercantour;;F414;;individuelle;fèces silica;3-Exploitable;S04-095;-;0,923076923076923;12;1;timidus;0,997;0,96;1;;243244;206210;172172;189191;117117;160160;200200;114114;122126;174174;215215;116118;000000;1;-;2020-02-19;;;;;;;;;2085;1001581;6358351;
S04_2020;655576;Mercantour;;F414;;individuelle;fèces silica;3-Exploitable;S04-096;Femelle;0,846153846153846;10;1;timidus;0,997;0,967;1;;000000;206206;172172;189189;117117;152174;200200;114130;129129;174174;000000;116119;XX;1;-;;;;;;;Breton;;Pré La Font;;1007000;6380912;
S04_2020;655577;Mercantour;;F414;;individuelle;fèces silica;3-Exploitable;S04-097;Mâle;1;12;1;europaeus;0,003;0;0,039;;239255;210210;172172;191191;117125;170176;200200;130134;122122;186191;218218;116124;XY;1;-;;;;;;;Breton;;Bayasse;;998602;6364293;
S04_2020;655580;Mercantour;;F414;;individuelle;fèces silica;3-Exploitable;S04-014;Mâle;1;12;1;timidus;0,992;0,893;1;;243243;206206;172172;189189;117117;162166;200200;114130;125127;174174;215218;116116;XY;1;-;;;;;;;Breton;;Cabane Moutière;;1001331;6364676;
S04_2020;655582;Mercantour;;F414;;individuelle;fèces silica;3-Exploitable;S04-015;Femelle;1;12;1;timidus;0,998;0,977;1;;244244;206206;172172;189189;117117;160160;200200;114130;129129;172174;220220;116118;XX;1;-;;;;;;;Breton;;Refuge Trémeau;;1008302;6382363;
S04_2020;655583;Mercantour;;F414;;individuelle;fèces silica;3-Exploitable;S04-016;Mâle;1;12;1;timidus;0,998;0,973;1;;243248;216216;172172;189189;117117;160160;200200;118130;125129;174182;215220;116118;XY;1;-;;;;;;;Breton;;Crête des Eyssalps;;1008131;6375402;
S04_2020;655584;Mercantour;;F414;;individuelle;fèces silica;3-Exploitable;S04-016;Mâle;1;12;1;timidus;0,998;0,974;1;;243248;216216;172172;189189;117117;160160;200200;118130;125129;174182;215220;116118;XY;1;-;;;;;;;Breton;;Crête des Eyssalps;;1008547;6376315;
S04_2020;655585;Mercantour;;F414;;individuelle;fèces silica;3-Exploitable;S04-017;Femelle;0,923076923076923;11;1;timidus;0,997;0,967;1;;243248;206218;172172;000000;117117;160170;200200;122122;125125;170174;215220;116118;XX;1;-;;;;;;;Lombard;;Tête Dure;;1008550;6380511;
S04_2020;655589;Mercantour;;F414;;individuelle;fèces silica;3-Exploitable;S04-015;Femelle;1;12;1;timidus;0,998;0,976;1;;244244;206206;172172;189189;117117;160160;200200;114130;129129;172174;220220;116118;XX;1;-;;;;;;;Lombard;;L’Isalette;;1007739;6381520;
S04_2020;655590;Mercantour;;F414;;individuelle;fèces silica;3-Exploitable;S04-098;Femelle;1;12;1;timidus;0,998;0,976;1;;243243;218218;172172;189189;117117;160160;200200;114118;129129;174174;220220;116116;XX;1;-;;;;;;;Fribourg;;Vallon de Siguret;;1000985;6379634;
S04_2020;655594;Mercantour;;F414;;individuelle;fèces silica;3-Exploitable;S04-018;Mâle;1;12;1;timidus;0,998;0,974;1;;244248;206206;172172;189189;117117;160160;200200;114118;125129;170182;220220;116118;XY;1;-;;;;;;;Lombard;;Ref Trémeau;;1007529;6382213;
S04_2020;655595;Mercantour;;F414;;individuelle;fèces silica;3-Exploitable;S04-019;Mâle;0,923076923076923;11;1;timidus;0,997;0,962;1;;243248;218218;172172;189189;117121;160166;200200;118130;000000;174192;220220;116118;XY;1;-;;;;;;;Lombard;;L’Isalette;;1007735;6381744;
S04_2020;655597;Mercantour;;F414;;individuelle;fèces silica;3-Exploitable;S04-020;Mâle;1;12;1;timidus;0,966;0,727;1;;244248;210210;172172;189189;117121;160160;200204;118122;122127;174188;215220;116116;XY;1;-;;;;;;;Lombard;;Baraquements viraysse;;1006000;6383393;
S04_2020;655599;Mercantour;;F414;;individuelle;fèces silica;3-Exploitable;S04-019;Mâle;0,846153846153846;10;1;timidus;0,996;0,955;1;;000000;218218;172172;189189;117121;160166;200200;118130;000000;174192;220220;116118;XY;1;-;;;;;;;Lombard;;Riou du Pinet;;1006106;6383849;
S04_2020;655651;Mercantour;;F414;;individuelle;fèces silica;3-Exploitable;S04-099;Mâle;0,923076923076923;11;1;europaeus;0,006;0;0,079;;249257;208208;172172;189189;117125;162162;200200;118134;127127;000000;206220;122122;XY;1;-;2020-02-07;;;;;;Orméa;;Balaour;0;1039341;6342881;
S04_2020;655674;Mercantour;;F414;;individuelle;fèces silica;3-Exploitable;S04-100;Femelle;1;12;1;timidus;0,994;0,919;1;;243243;210218;172172;189191;117121;158160;200200;114130;122122;174174;215220;116118;XX;1;-;2020-02-20;;;;;;Guigo;;Frémamorte;0;1039737;6348245;
S04_2020;656449;Mercantour;;F414;;individuelle;fèces silica;3-Exploitable;S04-101;Mâle;0,923076923076923;11;1;timidus;0,998;0,971;1;;248253;206206;172172;189189;117117;152160;200200;118122;000000;174174;220220;116118;XY;1;-;2020-01-13;;;;;;Roux;;;2337;983316;6357690;
S04_2020;656451;Mercantour;;F414;;individuelle;fèces silica;3-Exploitable;S04-021;Femelle;1;12;1;timidus;0,997;0,963;1;;243248;208208;172172;189189;117117;158160;200200;114130;127129;174174;220220;118118;XX;1;-;2020-01-13;;;;;;Roux;;;2113;983149;6357076;
S04_2020;LOT001;Mercantour;;F414;bois_delioras_3_18162;lot;fèces silica;1-Non exploitable;NA;Mâle;0,307692307692308;3;1;NA;NA;NA;NA;;000000;000000;172172;000000;117117;000000;000000;118118;000000;000000;000000;000000;XY;1;655545;2012/01/14 15:48:01.000;3;2020-04-20;bois_delioras;18162;bois_delioras_3;;;;;;;
S04_2020;LOT002;Mercantour;;F414;bois_delioras_3_18743;lot;fèces silica;3-Exploitable;S04-022;Mâle;1;12;1;europaeus;0,004;0;0,048;;255255;208208;172176;191191;115117;164172;200200;114118;122122;186202;218218;122124;XY;1;655547;2012/01/14 15:45:06.000;3;2020-04-20;bois_delioras;18743;bois_delioras_3;;;;;;;
S04_2020;LOT003;Mercantour;;F414;bois_delioras_3_18744;lot;fèces silica;3-Exploitable;S04-022;Mâle;1;12;1;europaeus;0,004;0;0,047;;255255;208208;172176;191191;115117;164172;200200;114118;122122;186202;218218;122124;XY;1;630355;2020/01/22 08:22:50.000;3;2020-04-20;bois_delioras;18744;bois_delioras_3;;;;;;;
S04_2020;LOT004;Mercantour;;F414;bois_delioras_3_18750;lot;fèces silica;3-Exploitable;S04-023;Mâle;1;12;1;timidus;0,995;0,938;1;;248248;208208;172172;189189;117117;160160;200200;114114;122125;172174;220220;116116;XY;1;655540;2012/01/14 18:40:55.000;3;2020-04-20;bois_delioras;18750;bois_delioras_3;;;;;;;
S04_2020;LOT005;Mercantour;;F414;bois_delioras_3_18754;lot;fèces silica;2-Douteux;S04-020;Mâle;0,692307692307692;8;1;timidus;0,996;0,948;1;;000000;000000;172172;189189;117121;160160;200200;118122;000000;174188;000000;116116;XY;1;655526;2012/01/14 19:12:32.000;3;2020-04-20;bois_delioras;18754;bois_delioras_3;;;;;;;
S04_2020;LOT006;Mercantour;;F414;bois_delioras_3_19327;lot;fèces silica;3-Exploitable;S04-023;Mâle;0,923076923076923;11;1;timidus;0,997;0,963;1;;248248;208208;172172;189189;117117;160160;200200;114114;000000;172174;220220;116116;XY;1;655546;2012/01/14 17:02:12.000;3;2020-04-20;bois_delioras;19327;bois_delioras_3;;;;;;;
S04_2020;LOT007;Mercantour;;F414;bois_delioras_3_19328;lot;fèces silica;3-Exploitable;S04-023;Mâle;1;12;1;timidus;0,995;0,941;1;;248248;208208;172172;189189;117117;160160;200200;114114;122125;172174;220220;116116;XY;1;655535;2012/01/14 16:56:58.000;3;2020-04-20;bois_delioras;19328;bois_delioras_3;;;;;;;
S04_2020;LOT008;Mercantour;;F414;bois_delioras_3_19908;lot;fèces silica;3-Exploitable;S04-023;Mâle;1;12;1;timidus;0,995;0,94;1;;248248;208208;172172;189189;117117;160160;200200;114114;122125;172174;220220;116116;XY;1;655537;2012/01/14 17:08:14.000;3;2020-04-20;bois_delioras;19908;bois_delioras_3;;;;;;;
S04_2020;LOT009;Mercantour;;F414;bois_delioras_3_19909;lot;fèces silica;3-Exploitable;S04-018;Mâle;0,923076923076923;11;1;timidus;0,998;0,972;1;;244248;206206;172172;189189;117117;160160;200200;114118;000000;170182;220220;116118;XY;1;655541;2012/01/14 17:39:28.000;3;2020-04-20;bois_delioras;19909;bois_delioras_3;;;;;;;
S04_2020;LOT010;Mercantour;;F414;bois_delioras_3_19910;lot;fèces silica;3-Exploitable;S04-024;Mâle;1;12;1;timidus;0,997;0,97;1;;243248;210210;172172;189189;117117;160160;200200;118122;129129;174182;220220;116118;XY;1;655533;2012/01/14 17:46:29.000;3;2020-04-20;bois_delioras;19910;bois_delioras_3;;;;;;;
S04_2020;LOT011;Mercantour;;F414;bois_delioras_3_20489;lot;fèces silica;3-Exploitable;S04-023;Mâle;0,923076923076923;11;1;timidus;0,997;0,961;1;;248248;208208;172172;189189;117117;160160;200200;114114;000000;172174;220220;116116;XY;1;655532;2012/01/14 17:15:26.000;3;2020-04-20;bois_delioras;20489;bois_delioras_3;;;;;;;
S04_2020;LOT012;Mercantour;;F414;bois_delioras_3_20490;lot;fèces silica;3-Exploitable;S04-102;Femelle;1;12;1;timidus;0,997;0,96;1;;243248;206210;172172;191191;117117;160160;200200;114130;127129;174174;220220;116118;XX;1;655531;2012/01/14 17:22:38.000;3;2020-04-20;bois_delioras;20490;bois_delioras_3;;;;;;;
S04_2020;LOT013;Mercantour;;F414;bois_delioras_3_20491;lot;fèces silica;3-Exploitable;S04-024;Mâle;1;12;1;timidus;0,997;0,968;1;;248248;210210;172172;189189;117117;160160;200200;118122;129129;174182;220220;116118;XY;1;655527;2012/01/14 17:30:03.000;3;2020-04-20;bois_delioras;20491;bois_delioras_3;;;;;;;
S04_2020;LOT014;Mercantour;;F414;bois_delioras_3_21069;lot;fèces silica;3-Exploitable;S04-103;Femelle;1;12;1;timidus;0,996;0,956;1;;244248;210216;172172;189189;117117;160160;200200;114118;122125;174182;220220;116116;XX;1;626625;2020/01/22 11:19:28.000;3;2020-04-20;bois_delioras;21069;bois_delioras_3;;;;;;;
S04_2020;LOT015;Mercantour;;F414;bois_delioras_3_21072;lot;fèces silica;3-Exploitable;S04-017;Femelle;0,923076923076923;11;1;timidus;0,997;0,967;1;;243248;206218;172172;189189;117117;160170;200200;122122;000000;170174;215220;116118;XX;1;655530;2012/01/14 20:01:34.000;3;2020-04-20;bois_delioras;21072;bois_delioras_3;;;;;;;
S04_2020;LOT016;Mercantour;;F414;bois_delioras_3_22233;lot;fèces silica;3-Exploitable;S04-104;Mâle;1;12;1;europaeus;0,003;0;0,041;;257257;210210;172172;189191;119119;164170;200200;130134;122126;186186;218220;122122;XY;1;630342;2020/01/22 09:59:39.000;3;2020-04-20;bois_delioras;22233;bois_delioras_3;;;;;;;
S04_2020;LOT017;Mercantour;;F414;bois_delioras_3_22815;lot;fèces silica;3-Exploitable;S04-105;Mâle;1;12;1;europaeus;0,003;0;0,032;;255257;210210;170172;189191;119119;162176;200204;118130;122125;180186;218218;116124;XY;1;630321;2020/01/22 10:24:37.000;3;2020-04-20;bois_delioras;22815;bois_delioras_3;;;;;;;
S04_2020;LOT018;Mercantour;;F414;font_crese_31_28044;lot;fèces silica;3-Exploitable;S04-025;Femelle;0,923076923076923;11;1;timidus;0,995;0,943;1;;248253;206216;172172;189191;117117;160174;200200;118118;000000;174182;220220;116116;XX;1;630306;2020/01/23 09:34:57.000;31;2020-04-20;font_crese;28044;font_crese_31;;;;;;;
S04_2020;LOT019;Mercantour;;F414;font_crese_31_28626;lot;fèces silica;3-Exploitable;S04-025;Femelle;1;12;1;timidus;0,995;0,939;1;;248253;206216;172172;189191;117117;160174;200200;118118;127127;174182;220220;116116;XX;1;630362;2020/01/23 09:34:57.000;31;2020-04-20;font_crese;28626;font_crese_31;;;;;;;
S04_2020;LOT020;Mercantour;;F414;font_crese_31_29788;lot;fèces silica;1-Non exploitable;NA;-;0,153846153846154;2;1;NA;NA;NA;NA;;000000;000000;172172;000000;000000;000000;000000;000000;000000;000000;000000;118118;000000;1;630375;2020/01/23 09:34:57.000;31;2020-04-20;font_crese;29788;font_crese_31;;;;;;;
S04_2020;LOT021;Mercantour;;F414;font_crese_31_30370;lot;fèces silica;3-Exploitable;S04-106;Femelle;1;12;1;timidus;0,996;0,953;1;;243248;206218;172172;189191;117117;160160;200200;114118;122129;174174;220220;116116;XX;1;630341;2020/01/23 09:34:57.000;31;2020-04-20;font_crese;30370;font_crese_31;;;;;;;
S04_2020;LOT022;Mercantour;;F414;font_crese_31_30372;lot;fèces silica;3-Exploitable;S04-026;Mâle;0,923076923076923;11;1;timidus;0,997;0,966;1;;000000;214214;172172;189189;117117;158160;200200;114130;125129;174182;215220;116116;XY;1;630327;2020/01/23 09:34:57.000;31;2020-04-20;font_crese;30372;font_crese_31;;;;;;;
S04_2020;LOT023;Mercantour;;F414;font_crese_31_32106;lot;fèces silica;3-Exploitable;S04-026;Mâle;0,769230769230769;9;1;timidus;0,996;0,954;1;;000000;214214;172172;000000;117117;158160;200200;114130;125129;174182;000000;116116;XY;1;630326;2020/01/23 09:34:57.000;31;2020-04-20;font_crese;32106;font_crese_31;;;;;;;
S04_2020;LOT024;Mercantour;;F414;font_crese_31_32686;lot;fèces silica;3-Exploitable;S04-026;Mâle;0,769230769230769;9;1;timidus;0,997;0,959;1;;000000;214214;172172;000000;117117;158160;200200;114130;000000;174182;215220;116116;XY;1;630333;2020/01/23 09:34:57.000;31;2020-04-20;font_crese;32686;font_crese_31;;;;;;;
S04_2020;LOT025;Mercantour;;F414;meyries_36_41966;lot;fèces silica;3-Exploitable;S04-107;Mâle;1;12;1;timidus;0,993;0,914;1;;243244;206206;172172;189189;117117;158160;200200;118130;125127;174174;218220;116116;XY;1;630496;2020/02/17 09:30:12.000;36;2020-04-20;meyries;41966;meyries_36;;;;;;;
S04_2020;LOT026;Mercantour;;F414;meyries_36_41967;lot;fèces silica;3-Exploitable;S04-108;Femelle;0,961538461538462;12;1;europaeus;0,002;0;0,028;;255257;210210;172172;189191;117119;162170;200200;118138;122124;186197;218218;124124;XX;1;630499;2020/02/17 09:34:31.000;36;2020-04-20;meyries;41967;meyries_36;;;;;;;
S04_2020;LOT027;Mercantour;;F414;meyries_36_42548;lot;fèces silica;3-Exploitable;S04-109;Femelle;1;12;1;europaeus;0,006;0;0,077;;255257;210212;172172;191191;117117;160162;200200;130130;124129;186186;218218;122124;XX;1;630476;2020/02/17 09:38:52.000;36;2020-04-20;meyries;42548;meyries_36;;;;;;;
S04_2020;LOT028;Mercantour;;F414;meyries_36_42550;lot;fèces silica;3-Exploitable;S04-110;Femelle;0,769230769230769;9;1;timidus;0,997;0,969;1;;000000;206216;172172;000000;117117;158160;200200;114130;000000;174174;215220;116118;XX;1;630498;2020/02/17 11:17:29.000;36;2020-04-20;meyries;42550;meyries_36;;;;;;;
S04_2020;LOT029;Mercantour;;F414;meyries_36_43130;lot;fèces silica;1-Non exploitable;NA;-;0,461538461538462;6;1;timidus;0,996;0,949;1;;000000;216216;172172;000000;117117;158160;200200;000000;000000;000000;000000;116118;000000;1;630478;2020/02/17 11:34:09.000;36;2020-04-20;meyries;43130;meyries_36;;;;;;;
S04_2020;LOT030;Mercantour;;F414;meyries_36_43131;lot;fèces silica;1-Non exploitable;NA;-;0;0;1;NA;NA;NA;NA;;000000;000000;000000;000000;000000;000000;000000;000000;000000;000000;000000;000000;000000;1;630486;2020/02/17 11:27:42.000;36;2020-04-20;meyries;43131;meyries_36;;;;;;;
S04_2020;LOT031;Mercantour;;F414;meyries_36_45453;lot;fèces silica;1-Non exploitable;NA;-;0;0;1;NA;NA;NA;NA;;000000;000000;000000;000000;000000;000000;000000;000000;000000;000000;000000;000000;000000;1;630495;2020/02/17 11:59:37.000;36;2020-04-20;meyries;45453;meyries_36;;;;;;;
S04_2020;LOT032;Mercantour;;F414;moutiere_29_72772;lot;fèces silica;3-Exploitable;S04-029;Mâle;1;12;1;timidus;0,969;0,806;1;;243253;218218;172172;189189;117117;160160;200200;114114;129129;174174;215220;110116;XY;1;630339;2020/03/10 10:15:28.000;29;2020-04-20;moutiere;72772;moutiere_29;;;;;;;
S04_2020;LOT033;Mercantour;;F414;moutiere_29_72773;lot;fèces silica;3-Exploitable;S04-030;Mâle;1;12;1;timidus;0,995;0,942;1;;244244;216216;172172;189191;117117;160172;200200;114114;122129;164174;220220;116116;XY;1;630335;2020/03/10 10:01:22.000;29;2020-04-20;moutiere;72773;moutiere_29;;;;;;;
S04_2020;LOT034;Mercantour;;F414;moutiere_29_73346;lot;fèces silica;3-Exploitable;S04-111;Femelle;0,923076923076923;11;1;timidus;0,998;0,975;1;;243243;206216;172172;000000;117117;160166;200200;114130;129129;174174;215220;116118;XX;1;667711;2020/03/10 08:36:17.000;29;2020-04-20;moutiere;73346;moutiere_29;;;;;;;
S04_2020;LOT035;Mercantour;;F414;moutiere_29_73349;lot;fèces silica;3-Exploitable;S04-032;Mâle;1;12;1;timidus;0,996;0,952;1;;248248;210210;172172;191191;117117;160160;200200;130130;125129;174174;220220;116118;XY;1;630329;2020/03/10 12:29:25.000;29;2020-04-20;moutiere;73349;moutiere_29;;;;;;;
S04_2020;LOT036;Mercantour;;F414;moutiere_29_73928;lot;fèces silica;3-Exploitable;S04-014;Mâle;1;12;1;timidus;0,992;0,893;1;;243243;206206;172172;189189;117117;162166;200200;114130;125127;174174;215218;116116;XY;1;667712;2020/03/10 08:53:24.000;29;2020-04-20;moutiere;73928;moutiere_29;;;;;;;
S04_2020;LOT037;Mercantour;;F414;moutiere_29_73932;lot;fèces silica;2-Douteux;S04-030;Mâle;0,692307692307692;8;1;timidus;0,996;0,95;1;;000000;216216;172172;000000;117117;160172;200200;114114;000000;164174;000000;116116;XY;1;630318;2020/03/10 11:09:41.000;29;2020-04-20;moutiere;73932;moutiere_29;;;;;;;
S04_2020;LOT038;Mercantour;;F414;moutiere_29_73934;lot;fèces silica;3-Exploitable;S04-029;Mâle;1;12;1;timidus;0,998;0,977;1;;243253;218218;172172;189189;117117;160160;200200;114114;129129;174174;215220;116116;XY;1;630315;2020/03/10 10:33:05.000;29;2020-04-20;moutiere;73934;moutiere_29;;;;;;;
S04_2020;LOT039;Mercantour;;F414;moutiere_29_74511;lot;fèces silica;3-Exploitable;S04-032;Mâle;1;12;1;timidus;0,996;0,956;1;;248248;210210;172172;191191;117117;160160;200200;130130;125129;174174;220220;116118;XY;1;667721;2020/03/10 09:58:34.000;29;2020-04-20;moutiere;74511;moutiere_29;;;;;;;
S04_2020;LOT040;Mercantour;;F414;moutiere_29_75089;lot;fèces silica;3-Exploitable;S04-032;Mâle;1;12;1;timidus;0,996;0,954;1;;248248;210210;172172;191191;117117;160160;200200;130130;125129;174174;220220;116118;XY;1;667716;2020/03/10 09:24:51.000;29;2020-04-20;moutiere;75089;moutiere_29;;;;;;;
S04_2020;LOT041;Mercantour;;F414;moutiere_29_75090;lot;fèces silica;3-Exploitable;S04-032;Mâle;1;12;1;timidus;0,996;0,952;1;;248248;210210;172172;191191;117117;160160;200200;130130;125129;174174;220220;116118;XY;1;667707;2020/03/10 09:33:21.000;29;2020-04-20;moutiere;75090;moutiere_29;;;;;;;
S04_2020;LOT042;Mercantour;;F414;moutiere_29_75091;lot;fèces silica;3-Exploitable;S04-032;Mâle;0,846153846153846;10;1;timidus;0,997;0,964;1;;248248;210210;172172;000000;117117;160160;200200;130130;000000;174174;220220;116118;XY;1;667708;2020/03/10 09:43:06.000;29;2020-04-20;moutiere;75091;moutiere_29;;;;;;;
S04_2020;LOT043;Mercantour;;F414;moutiere_29_75093;lot;fèces silica;3-Exploitable;S04-032;Mâle;1;12;1;timidus;0,996;0,953;1;;248248;210210;172172;191191;117117;160160;200200;130130;125129;174174;220220;116118;XY;1;667720;2020/03/10 10:19:29.000;29;2020-04-20;moutiere;75093;moutiere_29;;;;;;;
S04_2020;LOT044;Mercantour;;F414;tete_sanguinere_35_80899;lot;fèces silica;3-Exploitable;S04-012;Mâle;0,923076923076923;11;1;timidus;0,997;0,968;1;;243244;210210;172172;189191;117117;160160;200200;114114;000000;174174;215215;116116;XY;1;655558;2020/02/18 13:05:48.000;35;2020-04-20;tete_sanguiniere;80899;tete_sanguinere_35;;;;;;;
S04_2020;LOT045;Mercantour;;F414;tete_sanguinere_35_82069;lot;fèces silica;1-Non exploitable;NA;-;0,153846153846154;2;1;NA;NA;NA;NA;;000000;000000;000000;000000;000000;000000;198198;000000;000000;000000;222222;000000;000000;1;655520;2020/02/19 13:06:24.000;35;2020-04-20;tete_sanguiniere;82069;tete_sanguinere_35;;;;;;;
S04_2020;LOT046;Mercantour;;F414;tete_sanguinere_35_82641;lot;fèces silica;3-Exploitable;S04-012;Mâle;0,846153846153846;10;1;timidus;0,997;0,968;1;;243243;000000;172172;189191;117117;160160;200200;114122;000000;174174;215215;116116;XY;1;655572;2020/02/18 13:55:18.000;35;2020-04-20;tete_sanguiniere;82641;tete_sanguinere_35;;;;;;;
S04_2020;LOT047;Mercantour;;F414;tete_sanguinere_35_82647;lot;fèces silica;2-Douteux;NA;Mâle;0,615384615384615;7;1;timidus;0,986;0,818;1;;000000;000000;168172;000000;117117;160172;200200;114130;000000;164174;000000;116116;XY;1;655553;2020/02/19 13:43:00.000;35;2020-04-20;tete_sanguiniere;82647;tete_sanguinere_35;;;;;;;
S04_2020;LOT048;Mercantour;;F414;tete_sanguinere_35_82648;lot;fèces silica;1-Non exploitable;NA;-;0;0;1;NA;NA;NA;NA;;000000;000000;000000;000000;000000;000000;000000;000000;000000;000000;000000;000000;000000;1;655566;2020/02/19 13:32:04.000;35;2020-04-20;tete_sanguiniere;82648;tete_sanguinere_35;;;;;;;
S04_2020;LOT049;Mercantour;;F414;tete_sanguinere_35_82650;lot;fèces silica;3-Exploitable;S04-033;Mâle;0,923076923076923;11;1;timidus;0,997;0,967;1;;244248;218218;172172;189189;117117;160172;200200;114122;000000;174182;220220;118118;XY;1;655522;2020/02/19 12:39:48.000;35;2020-04-20;tete_sanguiniere;82650;tete_sanguinere_35;;;;;;;
S04_2020;LOT050;Mercantour;;F414;tete_sanguinere_35_82651;lot;fèces silica;3-Exploitable;S04-033;Mâle;0,923076923076923;11;1;timidus;0,997;0,969;1;;244248;218218;172172;189189;117117;160172;200200;114122;000000;174182;220220;118118;XY;1;655512;2020/02/19 12:45:49.000;35;2020-04-20;tete_sanguiniere;82651;tete_sanguinere_35;;;;;;;
S04_2020;LOT051;Mercantour;;F414;tete_sanguinere_35_83224;lot;fèces silica;3-Exploitable;S04-012;Mâle;0,923076923076923;11;1;timidus;0,997;0,967;1;;243244;210210;172172;189191;117117;160160;200200;114122;000000;174174;215215;116116;XY;1;655568;2020/02/18 14:16:38.000;35;2020-04-20;tete_sanguiniere;83224;tete_sanguinere_35;;;;;;;
S04_2020;LOT052;Mercantour;;F414;tete_sanguinere_35_83225;lot;fèces silica;3-Exploitable;S02-008;Mâle;0,846153846153846;10;1;timidus;0,955;0,674;1;;246246;000000;172172;191191;117117;160160;200200;114130;127127;164174;000000;116116;XY;1;655757;2020/02/19 14:10:48.000;35;2020-04-20;tete_sanguiniere;83225;tete_sanguinere_35;;;;;;;
S04_2020;LOT053;Mercantour;;F414;tete_sanguinere_35_83232;lot;fèces silica;3-Exploitable;S04-031;Mâle;1;12;1;timidus;0,995;0,941;1;;244246;216216;172172;191191;117117;160172;200200;114130;127127;164174;215220;116116;XY;1;655517;2020/02/19 13:06:50.000;35;2020-04-20;tete_sanguiniere;83232;tete_sanguinere_35;;;;;;;
S04_2020;LOT054;Mercantour;;F414;tete_sanguinere_35_83804;lot;fèces silica;3-Exploitable;S04-034;Femelle;0,923076923076923;11;1;timidus;0,997;0,964;1;;244253;206206;172172;191191;117117;160160;200200;114130;000000;174174;215215;116118;XX;1;655501;2020/02/18 11:34:41.000;35;2020-04-20;tete_sanguiniere;83804;tete_sanguinere_35;;;;;;;
S04_2020;LOT055;Mercantour;;F414;tete_sanguinere_35_83807;lot;fèces silica;3-Exploitable;S04-012;Mâle;0,769230769230769;9;1;timidus;0,995;0,945;1;;000000;210210;172172;189191;117117;160160;200200;114122;000000;174174;000000;116116;XY;1;655556;2020/02/18 11:18:40.000;35;2020-04-20;tete_sanguiniere;83807;tete_sanguinere_35;;;;;;;
S04_2020;LOT056;Mercantour;;F414;tete_sanguinere_35_84387;lot;fèces silica;3-Exploitable;S04-027;Mâle;0,923076923076923;11;1;timidus;0,997;0,962;1;;248248;206206;172172;189189;117117;160174;200200;118130;127127;174174;000000;116116;XY;1;655574;2020/02/18 10:26:11.000;35;2020-04-20;tete_sanguiniere;84387;tete_sanguinere_35;;;;;;;
S04_2020;LOT057;Mercantour;;F414;tete_sanguinere_35_84966;lot;fèces silica;3-Exploitable;S04-012;Mâle;1;12;1;timidus;0,996;0,948;1;;243244;210210;172172;189191;117117;160160;200200;114122;122127;174174;215215;116116;XY;1;655502;2020/02/18 10:40:03.000;35;2020-04-20;tete_sanguiniere;84966;tete_sanguinere_35;;;;;;;
S04_2020;LOT058;Mercantour;;F414;tete_sanguinere_35_84975;lot;fèces silica;1-Non exploitable;NA;Mâle;0,538461538461538;6;1;timidus;0,995;0,941;1;;000000;000000;172172;000000;117117;000000;200200;114114;000000;000000;220220;118118;XY;1;655750;2020/02/19 11:25:30.000;35;2020-04-20;tete_sanguiniere;84975;tete_sanguinere_35;;;;;;;
S04_2020;LOT059;Mercantour;;F414;tete_sanguinere_35_85547;lot;fèces silica;3-Exploitable;S04-012;Mâle;1;12;1;timidus;0,996;0,946;1;;243244;210210;172172;189191;117117;160160;200200;114122;122127;174174;215215;116116;XY;1;655503;2020/02/18 10:22:51.000;35;2020-04-20;tete_sanguiniere;85547;tete_sanguinere_35;;;;;;;
S04_2020;LOT060;Mercantour;;F414;tete_sanguinere_35_85556;lot;fèces silica;3-Exploitable;S04-031;Mâle;0,923076923076923;11;1;timidus;0,996;0,948;1;;244246;216216;172172;191191;117117;160172;200200;114130;000000;164174;215220;116116;XY;1;655500;2020/02/19 11:15:49.000;35;2020-04-20;tete_sanguiniere;85556;tete_sanguinere_35;;;;;;;
S04_2020;LOT061;Mercantour;;F414;tete_sanguinere_35_86128;lot;fèces silica;3-Exploitable;S04-012;Mâle;1;12;1;timidus;0,996;0,95;1;;243244;210210;172172;189191;117117;160160;200200;114122;122127;174174;215215;116116;XY;1;630467;2020/02/18 10:09:58.000;35;2020-04-20;tete_sanguiniere;86128;tete_sanguinere_35;;;;;;;
S04_2020;LOT062;Mercantour;;F414;tete_sanguinere_35_86129;lot;fèces silica;2-Douteux;S04-027;Mâle;0,692307692307692;8;1;timidus;0,995;0,944;1;;000000;206206;172172;000000;117117;160174;200200;118130;000000;174174;000000;116116;XY;1;655515;2020/02/18 10:13:53.000;35;2020-04-20;tete_sanguiniere;86129;tete_sanguinere_35;;;;;;;
S04_2020;LOT063;Mercantour;;F414;tete_sanguinere_35_86131;lot;fèces silica;2-Douteux;NA;Mâle;0,692307692307692;8;1;timidus;0,997;0,964;1;;000000;000000;172172;000000;117117;160160;200200;114122;000000;174174;215215;116116;XY;1;630459;2020/02/17 10:58:23.000;35;2020-04-20;tete_sanguiniere;86131;tete_sanguinere_35;;;;;;;
S04_2020;LOT064;Mercantour;;F414;tete_sanguinere_35_86711;lot;fèces silica;3-Exploitable;S04-012;Mâle;0,769230769230769;9;1;timidus;0,997;0,963;1;;000000;210210;172172;000000;117117;160160;200200;114122;000000;174174;215215;116116;XY;1;630456;2020/02/17 10:09:20.000;35;2020-04-20;tete_sanguiniere;86711;tete_sanguinere_35;;;;;;;
S04_2020;LOT065;Mercantour;;F414;tete_sanguinere_35_86712;lot;fèces silica;3-Exploitable;S04-010;Mâle;0,846153846153846;10;1;timidus;0,998;0,972;1;;243248;216216;172172;189189;117117;160160;200200;114130;000000;172174;000000;116119;XY;1;630457;2020/02/17 10:16:49.000;35;2020-04-20;tete_sanguiniere;86712;tete_sanguinere_35;;;;;;;
S04_2020;LOT066;Mercantour;;F414;tete_sanguinere_35_86713;lot;fèces silica;3-Exploitable;S04-012;Mâle;0,923076923076923;11;1;timidus;0,997;0,968;1;;243244;210210;172172;189191;117117;160160;200200;114122;000000;174174;215215;116116;XY;1;630458;2020/02/17 10:37:06.000;35;2020-04-20;tete_sanguiniere;86713;tete_sanguinere_35;;;;;;;
S04_2020;LOT067;Mercantour;;F414;tete_sanguinere_35_86716;lot;fèces silica;3-Exploitable;S04-033;Mâle;1;12;1;timidus;0,998;0,97;1;;244248;218218;172172;189189;117117;160172;200200;114122;129129;174182;220220;118118;XY;1;655518;2020/02/19 10:14:30.000;35;2020-04-20;tete_sanguiniere;86716;tete_sanguinere_35;;;;;;;
S04_2020;LOT068;Mercantour;;F414;rougnouse_42_87209;lot;fèces silica;3-Exploitable;S04-112;Femelle;1;12;1;europaeus;0,004;0;0,047;;252257;212214;172172;189191;117119;162170;200200;118134;122129;186208;218218;116124;XX;1;655794;2020/01/13 08:17:21.000;42;2020-04-20;rougnouse;87209;rougnouse_42;;;;;;;
S04_2020;LOT069;Mercantour;;F414;gipiere_48_87286;lot;fèces silica;3-Exploitable;S04-035;Mâle;0,923076923076923;11;1;timidus;0,995;0,943;1;;243248;208208;172172;189191;117117;160160;200200;114130;000000;174174;220220;116116;XY;1;629015;2019/12/16 12:06:02.000;48;2020-04-20;gipiere;87286;gipiere_48;;;;;;;
S04_2020;LOT070;Mercantour;;F414;gipiere_48_87287;lot;fèces silica;3-Exploitable;S04-035;Mâle;0,923076923076923;11;1;timidus;0,996;0,947;1;;243248;208208;172172;189191;117117;160160;200200;114130;000000;174174;220220;116116;XY;1;629013;2019/12/16 11:30:37.000;48;2020-04-20;gipiere;87287;gipiere_48;;;;;;;
S04_2020;LOT071;Mercantour;;F414;rougnouse_42_87786;lot;fèces silica;3-Exploitable;S04-113;Femelle;0,923076923076923;11;1;timidus;0,996;0,956;1;;243248;206208;172172;189189;117121;160162;200200;114130;000000;174174;220220;116116;XX;1;655797;2020/01/13 10:22:38.000;42;2020-04-20;rougnouse;87786;rougnouse_42;;;;;;;
S04_2020;LOT072;Mercantour;;F414;rougnouse_42_87787;lot;fèces silica;3-Exploitable;S04-036;Mâle;1;12;1;timidus;0,996;0,944;1;;248248;218218;172172;189189;117117;158160;200200;114122;129129;174174;215218;116116;XY;1;655799;2020/01/13 09:58:46.000;42;2020-04-20;rougnouse;87787;rougnouse_42;;;;;;;
S04_2020;LOT073;Mercantour;;F414;gipiere_48_87861;lot;fèces silica;1-Non exploitable;NA;-;0,153846153846154;2;1;NA;NA;NA;NA;;000000;000000;000000;000000;117117;000000;000000;000000;000000;000000;000000;116118;000000;1;630435;2019/12/17 12:09:08.000;48;2020-04-20;gipiere;87861;gipiere_48;;;;;;;
S04_2020;LOT074;Mercantour;;F414;gipiere_48_87862;lot;fèces silica;3-Exploitable;S04-037;Femelle;0,923076923076923;11;1;timidus;0,972;0,725;1;;244246;216216;172172;191191;117117;160168;200200;114130;000000;174174;218220;116116;XX;1;630434;2019/12/17 12:04:38.000;48;2020-04-20;gipiere;87862;gipiere_48;;;;;;;
S04_2020;LOT075;Mercantour;;F414;gipiere_48_87863;lot;fèces silica;3-Exploitable;S02-008;Mâle;0,923076923076923;11;1;timidus;0,998;0,969;1;;246246;216216;172172;189191;117117;160160;200200;114130;000000;164174;220220;116116;XY;1;630433;2019/12/17 11:36:08.000;48;2020-04-20;gipiere;87863;gipiere_48;;;;;;;
S04_2020;LOT076;Mercantour;;F414;gipiere_48_87868;lot;fèces silica;3-Exploitable;S04-012;Mâle;0,923076923076923;11;1;timidus;0,997;0,968;1;;243244;210210;172172;189191;117117;160160;200200;114122;000000;174174;215215;116116;XY;1;629012;2019/12/16 11:24:12.000;48;2020-04-20;gipiere;87868;gipiere_48;;;;;;;
S04_2020;LOT077;Mercantour;;F414;gipiere_48_87869;lot;fèces silica;3-Exploitable;S04-011;Femelle;1;12;1;timidus;0,995;0,938;1;;246248;208208;172172;189189;117117;160160;200200;114130;122129;174174;220220;116119;XX;1;629010;2019/12/16 10:52:44.000;48;2020-04-20;gipiere;87869;gipiere_48;;;;;;;
S04_2020;LOT078;Mercantour;;F414;gipiere_48_88444;lot;fèces silica;3-Exploitable;S04-037;Femelle;1;12;1;timidus;0,975;0,747;1;;244246;216216;172172;191191;117117;160168;200200;114130;127129;174174;218220;116116;XX;1;630432;2019/12/17 11:30:28.000;48;2020-04-20;gipiere;88444;gipiere_48;;;;;;;
S04_2020;LOT079;Mercantour;;F414;rougnouse_42_88952;lot;fèces silica;3-Exploitable;S04-114;Mâle;1;12;1;timidus;0,997;0,961;1;;243248;216216;172172;189191;117117;160160;200200;126130;125127;164164;220220;116116;XY;1;655785;2020/01/13 09:01:03.000;42;2020-04-20;rougnouse;88952;rougnouse_42;;;;;;;
S04_2020;LOT080;Mercantour;;F414;gipiere_48_89031;lot;fèces silica;3-Exploitable;S04-038;Femelle;1;12;1;timidus;0,997;0,957;1;;243244;206210;172172;189191;117117;160160;200200;114130;122129;174174;215215;116118;XX;1;628983;2019/12/16 12:55:49.000;48;2020-04-20;gipiere;89031;gipiere_48;;;;;;;
S04_2020;LOT081;Mercantour;;F414;rougnouse_42_89529;lot;fèces silica;3-Exploitable;S04-036;Mâle;1;12;1;timidus;0,995;0,941;1;;248248;218218;172172;189189;117117;158160;200200;114122;129129;174174;215218;116116;XY;1;655788;2020/01/13 10:52:56.000;42;2020-04-20;rougnouse;89529;rougnouse_42;;;;;;;
S04_2020;LOT082;Mercantour;;F414;gipiere_48_89611;lot;fèces silica;3-Exploitable;S04-034;Femelle;0,884615384615385;11;1;timidus;0,997;0,961;1;;244253;206206;172172;191191;117117;160160;200200;114130;000000;174174;215215;116118;XX;1;630506;2019/12/16 13:14:09.000;48;2020-04-20;gipiere;89611;gipiere_48;;;;;;;
S04_2020;LOT083;Mercantour;;F414;gipiere_48_89613;lot;fèces silica;3-Exploitable;S04-012;Mâle;1;12;1;timidus;0,994;0,916;1;;243244;210210;172172;189191;117117;160160;200200;114122;122122;174174;215215;116116;XY;1;629007;2019/12/16 10:06:37.000;48;2020-04-20;gipiere;89613;gipiere_48;;;;;;;
S04_2020;LOT084;Mercantour;;F414;gipiere_48_90192;lot;fèces silica;3-Exploitable;S04-038;Femelle;1;12;1;timidus;0,997;0,956;1;;243244;206210;172172;189191;117117;160160;200200;114130;122129;174174;215215;116118;XX;1;630507;2019/12/16 13:19:45.000;48;2020-04-20;gipiere;90192;gipiere_48;;;;;;;
S04_2020;LOT085;Mercantour;;F414;rougnouse_42_90690;lot;fèces silica;3-Exploitable;S04-036;Mâle;1;12;1;timidus;0,995;0,931;1;;248248;218218;172172;189191;117117;158160;200200;114122;129129;174174;215218;116116;XY;1;655787;2020/01/13 11:23:33.000;42;2020-04-20;rougnouse;90690;rougnouse_42;;;;;;;
S04_2020;LOT086;Mercantour;;F414;rougnouse_42_90693;lot;fèces silica;3-Exploitable;S04-039;Mâle;1;12;1;timidus;0,997;0,97;1;;243245;216216;172172;189189;117117;158158;200200;118126;129129;174182;215220;116116;XY;1;656161;2020/01/21 11:21:31.000;42;2020-04-20;rougnouse;90693;rougnouse_42;;;;;;;
S04_2020;LOT087;Mercantour;;F414;rougnouse_42_90695;lot;fèces silica;3-Exploitable;S04-115;Mâle;0,923076923076923;11;1;timidus;0,998;0,975;1;;248248;206206;172172;189189;117117;152160;200200;114130;000000;174182;215220;116118;XY;1;656158;2020/01/21 10:53:11.000;42;2020-04-20;rougnouse;90695;rougnouse_42;;;;;;;
S04_2020;LOT088;Mercantour;;F414;gipiere_48_90772;lot;fèces silica;3-Exploitable;S04-116;Mâle;0,923076923076923;11;1;timidus;0,994;0,922;1;;000000;208208;172172;189189;117117;160172;200200;114130;125126;164174;215220;116118;XY;1;630508;2019/12/16 13:27:31.000;48;2020-04-20;gipiere;90772;gipiere_48;;;;;;;
S04_2020;LOT089;Mercantour;;F414;gipiere_48_90773;lot;fèces silica;3-Exploitable;S04-040;Femelle;1;12;1;timidus;0,989;0,857;1;;243253;206210;172172;191191;117117;160160;200200;122130;122122;174174;215215;116118;XX;1;630409;2019/12/16 14:51:06.000;48;2020-04-20;gipiere;90773;gipiere_48;;;;;;;
S04_2020;LOT090;Mercantour;;F414;rougnouse_42_91267;lot;fèces silica;3-Exploitable;S04-036;Mâle;1;12;1;timidus;0,996;0,942;1;;248248;218218;172172;189189;117117;158160;200200;114122;129129;174174;215218;116116;XY;1;656460;2020/01/13 13:50:30.000;42;2020-04-20;rougnouse;91267;rougnouse_42;;;;;;;
S04_2020;LOT091;Mercantour;;F414;rougnouse_42_91270;lot;fèces silica;3-Exploitable;S04-021;Femelle;1;12;1;timidus;0,997;0,963;1;;243248;208208;172172;189189;117117;158160;200200;114130;127129;174174;220220;118118;XX;1;655779;2020/01/13 11:41:58.000;42;2020-04-20;rougnouse;91270;rougnouse_42;;;;;;;
S04_2020;LOT092;Mercantour;;F414;rougnouse_42_91276;lot;fèces silica;3-Exploitable;S04-039;Mâle;1;12;1;timidus;0,998;0,971;1;;243245;216216;172172;189189;117117;158158;200200;118126;129129;174182;215220;116116;XY;1;656166;2020/01/21 13:42:26.000;42;2020-04-20;rougnouse;91276;rougnouse_42;;;;;;;
S04_2020;LOT093;Mercantour;;F414;gipiere_48_91348;lot;fèces silica;1-Non exploitable;NA;-;0;0;1;NA;NA;NA;NA;;000000;000000;000000;000000;000000;000000;000000;000000;000000;000000;000000;000000;000000;1;630426;2019/12/17 10:04:30.000;48;2020-04-20;gipiere;91348;gipiere_48;;;;;;;
S04_2020;LOT094;Mercantour;;F414;gipiere_48_91354;lot;fèces silica;3-Exploitable;S04-040;Femelle;1;12;1;timidus;0,995;0,935;1;;243253;206210;172172;191191;117117;160160;200200;122130;122129;174174;215215;116118;XX;1;630410;2019/12/16 14:56:48.000;48;2020-04-20;gipiere;91354;gipiere_48;;;;;;;
S04_2020;LOT095;Mercantour;;F414;gipiere_48_91355;lot;fèces silica;3-Exploitable;S02-009;Mâle;0,923076923076923;11;1;timidus;0,998;0,975;1;;248248;216216;172172;189189;117117;152158;200200;114118;000000;174174;215220;116116;XY;1;630438;2019/12/17 13:25:49.000;48;2020-04-20;gipiere;91355;gipiere_48;;;;;;;
S04_2020;LOT096;Mercantour;;F414;gipiere_48_91356;lot;fèces silica;3-Exploitable;S04-041;Mâle;1;12;1;timidus;0,998;0,977;1;;244248;216216;172172;189189;117117;160160;200200;114114;125129;174182;215220;116116;XY;1;630439;2019/12/17 13:36:14.000;48;2020-04-20;gipiere;91356;gipiere_48;;;;;;;
S04_2020;LOT097;Mercantour;;F414;rougnouse_42_91853;lot;fèces silica;3-Exploitable;S04-039;Mâle;1;12;1;timidus;0,998;0,972;1;;243245;216216;172172;189189;117117;158158;200200;118126;129129;174182;215220;116116;XY;1;656162;2020/01/21 11:58:40.000;42;2020-04-20;rougnouse;91853;rougnouse_42;;;;;;;
S04_2020;LOT098;Mercantour;;F414;rougnouse_42_91854;lot;fèces silica;3-Exploitable;S04-042;Mâle;0,923076923076923;11;1;timidus;0,99;0,868;1;;243248;208208;172172;189189;117125;160160;200200;114130;000000;174174;215218;116116;XY;1;656154;2020/01/21 11:50:47.000;42;2020-04-20;rougnouse;91854;rougnouse_42;;;;;;;
S04_2020;LOT099;Mercantour;;F414;gipiere_48_91932;lot;fèces silica;3-Exploitable;S04-117;Femelle;0,923076923076923;11;1;europaeus;0,006;0;0,079;;251257;210210;172172;189191;117127;160164;200204;118130;000000;186186;218218;124124;XX;1;630413;2019/12/16 15:13:43.000;48;2020-04-20;gipiere;91932;gipiere_48;;;;;;;
S04_2020;LOT100;Mercantour;;F414;gipiere_48_91933;lot;fèces silica;3-Exploitable;S04-011;Femelle;0,923076923076923;11;1;timidus;0,997;0,959;1;;246248;208208;172172;189189;117117;160160;200200;114130;000000;174174;220220;116119;XX;1;630412;2019/12/16 15:09:10.000;48;2020-04-20;gipiere;91933;gipiere_48;;;;;;;
S04_2020;LOT101;Mercantour;;F414;gipiere_48_91936;lot;fèces silica;3-Exploitable;S04-041;Mâle;1;12;1;timidus;0,998;0,977;1;;244248;216216;172172;189189;117117;160160;200200;114114;125129;174182;215220;116116;XY;1;630440;2019/12/17 13:59:14.000;48;2020-04-20;gipiere;91936;gipiere_48;;;;;;;
S04_2020;LOT102;Mercantour;;F414;gipiere_48_92510;lot;fèces silica;3-Exploitable;S04-040;Femelle;1;12;1;timidus;0,995;0,93;1;;243253;206210;172172;191191;117117;160160;200200;122130;122129;174174;215215;116118;XX;1;630417;2019/12/17 09:13:24.000;48;2020-04-20;gipiere;92510;gipiere_48;;;;;;;
S04_2020;LOT103;Mercantour;;F414;gipiere_48_92512;lot;fèces silica;3-Exploitable;S04-043;Femelle;1;12;1;europaeus;0,004;0;0,055;;251257;210210;172172;189189;117117;162162;200200;130134;122124;180182;218218;124124;XX;1;628976;2019/12/16 08:55:30.000;48;2020-04-20;gipiere;92512;gipiere_48;;;;;;;
S04_2020;LOT104;Mercantour;;F414;gipiere_48_92514;lot;fèces silica;3-Exploitable;S04-043;Femelle;1;12;1;europaeus;0,005;0;0,057;;251257;210210;172172;189189;117117;162162;200200;130134;122124;180182;218218;124124;XX;1;629006;2019/12/16 15:20:03.000;48;2020-04-20;gipiere;92514;gipiere_48;;;;;;;
S04_2020;LOT105;Mercantour;;F414;gipiere_48_92515;lot;fèces silica;3-Exploitable;S02-009;Mâle;1;12;1;timidus;0,998;0,976;1;;248248;216216;172172;189189;117117;152158;200200;114118;129129;174174;215220;116116;XY;1;630441;2019/12/17 14:13:12.000;48;2020-04-20;gipiere;92515;gipiere_48;;;;;;;
S04_2020;LOT106;Mercantour;;F414;pres_hauts_34_94793;lot;fèces silica;3-Exploitable;S04-118;Mâle;1;12;1;timidus;0,982;0,758;1;;253253;208208;172172;191191;117117;160172;200200;114114;127129;182182;220220;116116;XY;1;656201;2020-01-22 09:22:00;34;2020-04-20;pres_hauts;94793;pres_hauts_34;;;;;;;
S04_2020;LOT107;Mercantour;;F414;pres_hauts_34_94796;lot;fèces silica;3-Exploitable;S04-044;Mâle;0,846153846153846;10;1;timidus;0,989;0,856;1;;000000;206206;172172;189189;117117;158160;200200;118126;000000;174182;218220;116116;XY;1;656461;2020-01-22 09:58:18;34;2020-04-20;pres_hauts;94796;pres_hauts_34;;;;;;;
S04_2020;LOT108;Mercantour;;F414;pres_hauts_34_95376;lot;fèces silica;3-Exploitable;S04-045;Mâle;1;12;1;timidus;0,995;0,938;1;;246248;206206;172172;189189;117117;168174;200200;130130;125129;174174;215220;116118;XY;1;656205;2020-01-22 10:17:08;34;2020-04-20;pres_hauts;95376;pres_hauts_34;;;;;;;
S04_2020;LOT109;Mercantour;;F414;pres_hauts_34_95377;lot;fèces silica;3-Exploitable;S04-044;Mâle;1;12;1;timidus;0,993;0,907;1;;243244;206206;172172;189189;117117;158160;200200;118126;125129;174182;218220;116116;XY;1;656203;2020-01-22 10:31:20;34;2020-04-20;pres_hauts;95377;pres_hauts_34;;;;;;;
S04_2020;LOT110;Mercantour;;F414;pres_hauts_34_95379;lot;fèces silica;3-Exploitable;S04-045;Mâle;1;12;1;timidus;0,995;0,94;1;;246248;206206;172172;189189;117117;168174;200200;130130;125129;174174;215220;116118;XY;1;656454;2020-01-22 11:05:18;34;2020-04-20;pres_hauts;95379;pres_hauts_34;;;;;;;
S04_2020;LOT111;Mercantour;;F414;villard_38_104711;lot;fèces silica;3-Exploitable;S04-119;Femelle;1;12;1;europaeus;0,003;0;0,032;;252257;208210;172172;189189;117119;162176;200204;134138;122125;186186;218218;124124;XX;1;655752;2020-03-04;38;2020-04-20;villard;104711;villard_38;;;;;;;
S04_2020;LOT112;Mercantour;;F414;villard_38_104715;lot;fèces silica;3-Exploitable;S04-028;Mâle;0,923076923076923;11;1;timidus;0,998;0,971;1;;243243;206206;172172;189189;117117;160174;200200;114122;000000;174174;220220;116116;XY;1;655767;2020-03-04;38;2020-04-20;villard;104715;villard_38;;;;;;;
S04_2020;LOT113;Mercantour;;F414;villard_38_104716;lot;fèces silica;3-Exploitable;S04-120;Mâle;0,923076923076923;11;1;timidus;0,913;0,647;1;;243257;210210;172172;189189;117117;160174;200200;114122;000000;172182;220220;116116;XY;1;655773;2020-03-04;38;2020-04-20;villard;104716;villard_38;;;;;;;
S04_2020;LOT114;Mercantour;;F414;villard_38_105292;lot;fèces silica;3-Exploitable;S04-121;Mâle;1;12;1;europaeus;0,023;0;0,223;;255257;210210;172172;189191;117119;158170;200204;114134;124129;186186;218218;108120;XY;1;655758;2020-03-04;38;2020-04-20;villard;105292;villard_38;;;;;;;
S04_2020;LOT115;Mercantour;;F414;villard_38_105296;lot;fèces silica;3-Exploitable;S04-122;Femelle;0,923076923076923;11;1;timidus;0,996;0,949;1;;244244;206208;172172;191191;117117;160160;200200;122130;000000;174182;215220;116118;XX;1;655761;2020-03-04;38;2020-04-20;villard;105296;villard_38;;;;;;;
S04_2020;LOT116;Mercantour;;F414;villard_38_105874;lot;fèces silica;3-Exploitable;S04-028;Mâle;1;12;1;timidus;0,998;0,974;1;;243243;206206;172172;189189;117117;160174;200200;114122;129129;174174;220220;116116;XY;1;630521;2020-03-04;38;2020-04-20;villard;105874;villard_38;;;;;;;
S04_2020;LOT117;Mercantour;;F414;villard_38_105876;lot;fèces silica;3-Exploitable;S04-123;Femelle;1;12;1;europaeus;0,003;0;0,037;;257257;208210;172172;191191;117127;162164;204204;134138;127129;186191;218218;116116;XX;1;655771;2020-03-04;38;2020-04-20;villard;105876;villard_38;;;;;;;
S04_2020;LOT118;Mercantour;;F414;villard_38_105877;lot;fèces silica;3-Exploitable;S04-028;Mâle;1;12;1;timidus;0,998;0,974;1;;243243;206206;172172;189189;117117;160174;200200;114122;129129;174174;220220;116116;XY;1;655768;2020-03-04;38;2020-04-20;villard;105877;villard_38;;;;;;;
S04_2020;LOT119;Mercantour;;F414;villard_38_105878;lot;fèces silica;1-Non exploitable;NA;-;0;0;1;NA;NA;NA;NA;;000000;000000;000000;000000;000000;000000;000000;000000;000000;000000;000000;000000;000000;1;630535;2020-03-04;38;2020-04-20;villard;105878;villard_38;;;;;;;
S04_2020;LOT120;Mercantour;;F414;villard_38_106456;lot;fèces silica;3-Exploitable;S04-028;Mâle;1;12;1;timidus;0,998;0,974;1;;243243;206206;172172;189189;117117;160174;200200;114122;129129;174174;220220;116116;XY;1;630531;2020-03-04;38;2020-04-20;villard;106456;villard_38;;;;;;;
S04_2020;LOT121;Mercantour;;F414;villard_38_106459;lot;fèces silica;3-Exploitable;S04-124;Mâle;0,923076923076923;11;1;europaeus;0,009;0;0,123;;250257;208208;172172;189191;117117;162170;200200;134134;000000;182184;220220;116124;XY;1;630534;2020-03-04;38;2020-04-20;villard;106459;villard_38;;;;;;;
S04_2020;LOT122;Mercantour;;F414;villard_38_107034;lot;fèces silica;3-Exploitable;S04-046;Mâle;0,923076923076923;11;1;europaeus;0,012;0;0,16;;251257;208208;172172;187189;117117;162168;200200;114134;000000;186186;220220;120122;XY;1;550110;2020/03/06 10:07:28.000;38;2020-04-20;villard;107034;villard_38;;;;;;;
S04_2020;LOT123;Mercantour;;F414;villard_38_107037;lot;fèces silica;3-Exploitable;S04-125;Mâle;0,923076923076923;11;1;europaeus;0,006;0;0,072;;251255;210210;172172;189191;117119;170176;200200;130138;000000;186186;218220;116124;XY;1;630527;2020-03-04;38;2020-04-20;villard;107037;villard_38;;;;;;;
S04_2020;LOT124;Mercantour;;F414;villard_38_107039;lot;fèces silica;3-Exploitable;S04-126;Femelle;1;12;1;europaeus;0,026;0;0,262;;251257;208210;172172;191191;117127;162162;200204;114114;127129;191197;218218;116124;XX;1;630532;2020-03-04;38;2020-04-20;villard;107039;villard_38;;;;;;;
S04_2020;LOT125;Mercantour;;F414;villard_38_107615;lot;fèces silica;3-Exploitable;S04-046;Mâle;1;12;1;europaeus;0,009;0;0,118;;251257;208208;172172;187189;117117;162168;200200;114134;122124;186186;220220;120122;XY;1;550095;2020/03/06 09:36:39.000;38;2020-04-20;villard;107615;villard_38;;;;;;;
S04_2020;LOT126;Mercantour;;F414;villard_38_107616;lot;fèces silica;3-Exploitable;S04-047;Mâle;1;12;1;europaeus;0,006;0;0,073;;251257;208208;172172;189191;117117;162176;200200;130138;129129;186190;218218;116124;XY;1;550122;2020/03/06 11:40:25.000;38;2020-04-20;villard;107616;villard_38;;;;;;;
S04_2020;LOT127;Mercantour;;F414;villard_38_107617;lot;fèces silica;3-Exploitable;S04-047;Mâle;1;12;1;europaeus;0,006;0;0,072;;251257;208208;172172;189191;117117;162176;200200;130138;129129;186190;218218;116124;XY;1;550109;2020/03/06 11:48:19.000;38;2020-04-20;villard;107617;villard_38;;;;;;;
S04_2020;LOT128;Mercantour;;F414;villard_38_108201;lot;fèces silica;3-Exploitable;S04-127;Femelle;1;12;1;europaeus;0,003;0;0,035;;252257;208210;172172;189189;117119;164170;200204;118134;122129;180186;218218;124124;XX;1;550074;2020/03/04 13:17:12.000;38;2020-04-20;villard;108201;villard_38;;;;;;;
S04_2020;LOT129;Mercantour;;F414;villard_38_108778;lot;fèces silica;3-Exploitable;S04-128;Femelle;1;12;1;europaeus;0,025;0;0,275;;250257;208210;172172;191191;117117;162170;200204;114134;125129;184191;218220;116116;XX;1;550061;2020/03/04 08:39:03.000;38;2020-04-20;villard;108778;villard_38;;;;;;;
S04_2020;LOT130;Mercantour;;F414;serre_27_112264;lot;fèces silica;3-Exploitable;S04-129;Femelle;1;12;1;europaeus;0,002;0;0,026;;250257;208208;172172;189191;119125;164170;200200;134134;122124;186190;218218;122122;XX;1;550111;2020/03/11 08:23:36.000;27;2020-04-20;serre;112264;serre_27;;;;;;;
S04_2020;LOT131;Mercantour;;F414;serre_27_112265;lot;fèces silica;3-Exploitable;S04-130;Mâle;0,923076923076923;11;1;europaeus;0,016;0;0,202;;249257;210210;172172;189189;117117;162170;200200;134142;000000;166188;218220;124124;XY;1;630587;2020/03/11 08:43:20.000;27;2020-04-20;serre;112265;serre_27;;;;;;;
S04_2020;LOT132;Mercantour;;F414;serre_27_112266;lot;fèces silica;1-Non exploitable;NA;-;0;0;1;NA;NA;NA;NA;;000000;000000;000000;000000;000000;000000;000000;000000;000000;000000;000000;000000;000000;1;550097;2020/03/11 13:39:06.000;27;2020-04-20;serre;112266;serre_27;;;;;;;
S04_2020;LOT133;Mercantour;;F414;serre_27_112267;lot;fèces silica;1-Non exploitable;NA;-;0,0769230769230769;1;1;NA;NA;NA;NA;;000000;000000;000000;000000;000000;000000;000000;000000;000000;000000;000000;116116;000000;1;550101;2020/03/11 13:10:57.000;27;2020-04-20;serre;112267;serre_27;;;;;;;
S04_2020;LOT134;Mercantour;;F414;serre_27_112268;lot;fèces silica;1-Non exploitable;NA;-;0;0;1;NA;NA;NA;NA;;000000;000000;000000;000000;000000;000000;000000;000000;000000;000000;000000;000000;000000;1;630596;2020/03/11 13:03:49.000;27;2020-04-20;serre;112268;serre_27;;;;;;;
S04_2020;LOT135;Mercantour;;F414;serre_27_112272;lot;fèces silica;1-Non exploitable;NA;-;0,153846153846154;2;1;NA;NA;NA;NA;;000000;000000;000000;000000;000000;000000;198198;114134;000000;000000;000000;000000;000000;1;630602;2020/03/11 10:11:30.000;27;2020-04-20;serre;112272;serre_27;;;;;;;
S04_2020;LOT136;Mercantour;;F414;serre_27_114596;lot;fèces silica;3-Exploitable;S04-131;Mâle;1;12;1;timidus;0,995;0,942;1;;243244;208208;172172;191191;117117;160160;200200;114114;129129;174182;215220;116116;XY;1;630598;2020/03/11 13:03:48.000;27;2020-04-20;serre;114596;serre_27;;;;;;;
S04_2020;LOT137;Mercantour;;F414;serre_27_115173;lot;fèces silica;3-Exploitable;S04-132;Mâle;0,923076923076923;11;1;timidus;0,997;0,969;1;;243243;218218;172172;189189;117117;160160;200200;118126;000000;174182;215220;116118;XY;1;630536;2020/03/11 09:59:24.000;27;2020-04-20;serre;115173;serre_27;;;;;;;
S04_2020;LOT138;Mercantour;;F414;serre_27_115754;lot;fèces silica;3-Exploitable;S04-133;Femelle;0,923076923076923;11;1;timidus;0,997;0,962;1;;243248;210218;172172;191191;117117;160160;200200;114114;000000;182182;215220;116118;XX;1;550112;2020/03/11 10:01:53.000;27;2020-04-20;serre;115754;serre_27;;;;;;;
S04_2020;LOT139;Mercantour;;F414;scluos_8_116511;lot;fèces silica;3-Exploitable;S04-042;Mâle;0,923076923076923;11;1;timidus;0,989;0,853;1;;000000;208208;172172;189189;117125;160160;200200;114130;129129;174174;215218;116116;XY;1;656167;2020/01/21 12:07:28.000;8;2020-04-20;scluos;116511;scluos_8;;;;;;;
S04_2020;LOT140;Mercantour;;F414;scluos_8_117093;lot;fèces silica;3-Exploitable;S04-134;Mâle;1;12;1;timidus;0,99;0,875;1;;243243;206206;172172;189189;117117;160170;200200;118118;125129;174182;218220;116118;XY;1;655664;2020/03/11 12:45:55.000;8;2020-04-20;scluos;117093;scluos_8;;;;;;;
S04_2020;LOT141;Mercantour;;F414;scluos_8_119418;lot;fèces silica;3-Exploitable;S04-039;Mâle;1;12;1;timidus;0,998;0,971;1;;243245;216216;172172;189189;117117;158158;200200;118126;129129;174182;215220;116116;XY;1;656165;2020/01/21 13:45:28.000;8;2020-04-20;scluos;119418;scluos_8;;;;;;;
S04_2020;LOT142;Mercantour;;F414;scluos_8_119420;lot;fèces silica;3-Exploitable;S04-135;Mâle;1;12;1;timidus;0,996;0,949;1;;246250;218218;172172;189189;117117;160162;200200;114130;127129;174182;220220;116118;XY;1;626120;2020/03/11 11:39:41.000;8;2020-04-20;scluos;119420;scluos_8;;;;;;;
S04_2020;LOT143;Mercantour;;F414;barn_45_122331;lot;fèces silica;3-Exploitable;S04-136;Mâle;1;12;1;timidus;0,998;0,976;1;;246248;206206;172172;189189;117117;160160;200200;114130;125129;174174;220220;116116;XY;1;655663;2020-01-30 10:38:49;45;2020-04-20;barn;122331;barn_45;;;;;;;
S04_2020;LOT144;Mercantour;;F414;adus_46_122333;lot;fèces silica;3-Exploitable;S04-048;Mâle;0,923076923076923;11;1;timidus;0,997;0,964;1;;243252;210210;172172;189189;117125;158160;200200;114130;000000;174174;220220;116118;XY;1;655658;2020/01/23 14:31:20.000;46;2020-04-20;adus;122333;adus_46;;;;;;;
S04_2020;LOT145;Mercantour;;F414;laupon_5_122675;lot;fèces silica;3-Exploitable;S04-049;Mâle;1;12;1;timidus;0,998;0,972;1;;243245;216216;172172;189189;117117;160174;200200;130130;125129;174174;215215;116116;XY;1;630363;2020/03/09 00:00:00.000;5;2020-04-20;laupon;122675;laupon_5;;;;;;;
S04_2020;LOT146;Mercantour;;F414;adus_46_122914;lot;fèces silica;3-Exploitable;S04-048;Mâle;0,846153846153846;10;1;timidus;0,996;0,958;1;;243252;210210;172172;189189;117125;158160;200200;114130;000000;174174;000000;116118;XY;1;655652;2020/01/23 14:31:20.000;46;2020-04-20;adus;122914;adus_46;;;;;;;
S04_2020;LOT147;Mercantour;;F414;adus_46_122916;lot;fèces silica;3-Exploitable;S04-050;Mâle;0,923076923076923;11;1;timidus;0,997;0,964;1;;248253;210210;172172;189189;117125;158160;200200;114130;000000;174182;220220;116116;XY;1;626170;2020/01/23 14:31:20.000;46;2020-04-20;adus;122916;adus_46;;;;;;;
S04_2020;LOT148;Mercantour;;F414;adus_46_122917;lot;fèces silica;3-Exploitable;S04-137;Femelle;0,769230769230769;9;1;timidus;0,998;0,975;1;;248248;206218;172172;000000;117117;152158;200200;000000;000000;174174;215215;118119;XX;1;655661;2020/01/23 14:31:20.000;46;2020-04-20;adus;122917;adus_46;;;;;;;
S04_2020;LOT149;Mercantour;;F414;laupon_5_123253;lot;fèces silica;3-Exploitable;S04-138;Femelle;1;12;1;timidus;0,997;0,965;1;;245248;216216;172172;189189;117117;160174;200200;114114;122129;174182;215220;118118;XX;1;630359;2020/03/09 09:14:49.000;5;2020-04-20;laupon;123253;laupon_5;;;;;;;
S04_2020;LOT150;Mercantour;;F414;adus_46_123498;lot;fèces silica;3-Exploitable;S04-050;Mâle;1;12;1;timidus;0,997;0,967;1;;248253;210210;172172;189189;117125;158160;200200;114130;125125;174182;220220;116116;XY;1;655665;2020/01/23 14:31:20.000;46;2020-04-20;adus;123498;adus_46;;;;;;;
S04_2020;LOT151;Mercantour;;F414;laupon_5_123833;lot;fèces silica;3-Exploitable;S04-139;Femelle;0,846153846153846;10;1;timidus;0,997;0,969;1;;245248;216216;172172;000000;117117;160162;200200;114114;000000;172174;215220;116118;XX;1;628748;2020/03/09 09:54:43.000;5;2020-04-20;laupon;123833;laupon_5;;;;;;;
S04_2020;LOT152;Mercantour;;F414;laupon_5_123834;lot;fèces silica;3-Exploitable;S04-049;Mâle;1;12;1;timidus;0,998;0,972;1;;243245;216216;172172;189189;117117;160174;200200;130130;125129;174174;215215;116116;XY;1;630281;2020/03/09 09:21:31.000;5;2020-04-20;laupon;123834;laupon_5;;;;;;;
S04_2020;LOT153;Mercantour;;F414;laupon_5_123837;lot;fèces silica;3-Exploitable;S04-049;Mâle;1;12;1;timidus;0,998;0,972;1;;243245;216216;172172;189189;117117;160174;200200;130130;125129;174174;215215;116116;XY;1;630295;2020/03/09 00:00:00.000;5;2020-04-20;laupon;123837;laupon_5;;;;;;;
S04_2020;LOT154;Mercantour;;F414;laupon_5_123841;lot;fèces silica;3-Exploitable;S04-051;Femelle;1;12;1;timidus;0,995;0,937;1;;245245;206210;172172;189191;117117;174174;200200;114114;129129;168174;215220;116116;XX;1;655728;2020/03/09 15:36:22.000;5;2020-04-20;laupon;123841;laupon_5;;;;;;;
S04_2020;LOT155;Mercantour;;F414;laupon_5_124420;lot;fèces silica;3-Exploitable;S04-140;Femelle;1;12;1;timidus;0,995;0,941;1;;243243;216218;172172;189189;117117;152160;200200;114130;122129;168182;220220;116118;XX;1;656173;2020/03/09 00:00:00.000;5;2020-04-20;laupon;124420;laupon_5;;;;;;;
S04_2020;LOT156;Mercantour;;F414;laupon_5_125000;lot;fèces silica;3-Exploitable;S04-049;Mâle;1;12;1;timidus;0,998;0,971;1;;243245;216216;172172;189189;117117;160174;200200;130130;125129;174174;215215;116116;XY;1;628769;2020/03/09 00:00:00.000;5;2020-04-20;laupon;125000;laupon_5;;;;;;;
S04_2020;LOT157;Mercantour;;F414;laupon_5_125580;lot;fèces silica;3-Exploitable;S04-052;Mâle;1;12;1;timidus;0,996;0,954;1;;248253;216216;172172;189189;117117;158160;200200;118130;122129;174174;215220;116116;XY;1;655700;2020/03/09 11:33:29.000;5;2020-04-20;laupon;125580;laupon_5;;;;;;;
S04_2020;LOT158;Mercantour;;F414;laupon_5_126160;lot;fèces silica;3-Exploitable;S04-052;Mâle;1;12;1;timidus;0,997;0,956;1;;248253;216216;172172;189189;117117;158160;200200;118130;122129;174174;215220;116116;XY;1;655705;2020/03/09 11:58:40.000;5;2020-04-20;laupon;126160;laupon_5;;;;;;;
S04_2020;LOT159;Mercantour;;F414;adus_46_126405;lot;fèces silica;3-Exploitable;S04-048;Mâle;1;12;1;timidus;0,997;0,963;1;;243252;210210;172172;189189;117125;158160;200200;114130;127129;174174;220220;116118;XY;1;655655;2020/01/23 14:31:20.000;46;2020-04-20;adus;126405;adus_46;;;;;;;
S04_2020;LOT160;Mercantour;;F414;laupon_5_126741;lot;fèces silica;3-Exploitable;S04-053;Femelle;0,923076923076923;11;1;timidus;0,997;0,96;1;;000000;206216;172172;189189;117117;160172;200200;130130;129129;174174;215220;116116;XX;1;628762;2020/03/09 14:18:08.000;5;2020-04-20;laupon;126741;laupon_5;;;;;;;
S04_2020;LOT161;Mercantour;;F414;laupon_5_126743;lot;fèces silica;3-Exploitable;S04-053;Femelle;0,923076923076923;11;1;timidus;0,997;0,961;1;;000000;206216;172172;189189;117117;160172;200200;130130;129129;174174;215220;116116;XX;1;655702;2020/03/09 12:27:18.000;5;2020-04-20;laupon;126743;laupon_5;;;;;;;
S04_2020;LOT162;Mercantour;;F414;laupon_5_126747;lot;fèces silica;3-Exploitable;S04-051;Femelle;1;12;1;timidus;0,995;0,932;1;;245245;206210;172172;189191;117117;174174;200200;114114;129129;168174;215220;116116;XX;1;655747;2020/03/09 00:00:00.000;5;2020-04-20;laupon;126747;laupon_5;;;;;;;
S04_2020;LOT163;Mercantour;;F414;laupon_5_127319;lot;fèces silica;3-Exploitable;S04-052;Mâle;0,923076923076923;11;1;timidus;0,997;0,967;1;;248253;216216;172172;189189;117117;158160;200200;118130;000000;174174;215220;116116;XY;1;628759;2020/03/09 12:12:40.000;5;2020-04-20;laupon;127319;laupon_5;;;;;;;
S04_2020;LOT164;Mercantour;;F414;millefonts_32_129290;lot;fèces silica;3-Exploitable;S04-054;Femelle;1;12;1;timidus;0,996;0,958;1;;244252;206210;172172;189191;117125;158160;200200;114130;127129;174182;220220;116118;XX;1;655659;2020/01/22 12:35:57.000;32;2020-04-20;millefonts;129290;millefonts_32;;;;;;;
S04_2020;LOT165;Mercantour;;F414;millefonts_32_129869;lot;fèces silica;3-Exploitable;S04-054;Femelle;1;12;1;timidus;0,996;0,957;1;;244252;206210;172172;189191;117125;158160;200200;114130;127129;174182;220220;116118;XX;1;626193;2020/01/22 13:10:58.000;32;2020-04-20;millefonts;129869;millefonts_32;;;;;;;
S04_2020;LOT166;Mercantour;;F414;millefonts_32_129871;lot;fèces silica;2-Douteux;S04-054;-;0,538461538461538;7;1;timidus;0,996;0,95;1;;000000;206210;172172;000000;117125;000000;000000;114130;000000;174182;220220;116118;000000;1;626169;2020/01/22 13:05:10.000;32;2020-04-20;millefonts;129871;millefonts_32;;;;;;;
S04_2020;LOT167;Mercantour;;F414;millefonts_32_129872;lot;fèces silica;3-Exploitable;S04-054;Femelle;1;12;1;timidus;0,997;0,958;1;;244252;206210;172172;189191;117125;158160;200200;114130;127129;174182;220220;116118;XX;1;626178;2020/01/22 12:14:41.000;32;2020-04-20;millefonts;129872;millefonts_32;;;;;;;
S04_2020;LOT168;Mercantour;;F414;sainte_marie_41_131151;lot;fèces silica;3-Exploitable;S04-055;Femelle;1;12;1;timidus;0,996;0,958;1;;248248;206218;172172;191191;117117;158174;200200;130130;129129;174174;215220;116118;XX;1;626258;2020/01/21 11:29:13.000;41;2020-04-20;sainte_marie;131151;sainte_marie_41;;;;;;;
S04_2020;LOT169;Mercantour;;F414;sainte_marie_41_131726;lot;fèces silica;3-Exploitable;S04-141;Mâle;0,923076923076923;11;1;timidus;0,996;0,957;1;;248253;218218;172172;191191;117117;158158;200200;130130;000000;174174;215220;118118;XY;1;626269;2020/01/21 13:13:58.000;41;2020-04-20;sainte_marie;131726;sainte_marie_41;;;;;;;
S04_2020;LOT170;Mercantour;;F414;sainte_marie_41_131728;lot;fèces silica;3-Exploitable;S04-142;Mâle;0,923076923076923;11;1;timidus;0,993;0,913;1;;243246;218218;172172;189189;117117;158158;200200;130130;000000;182188;218220;116116;XY;1;630670;2020/01/21 12:58:48.000;41;2020-04-20;sainte_marie;131728;sainte_marie_41;;;;;;;
S04_2020;LOT171;Mercantour;;F414;millefonts_32_132194;lot;fèces silica;3-Exploitable;S04-143;Femelle;0,923076923076923;11;1;europaeus;0,014;0;0,183;;250257;208212;172172;191191;117117;160176;000000;130134;129129;186189;218220;116124;XX;1;655656;2020/01/22 13:28:48.000;32;2020-04-20;millefonts;132194;millefonts_32;;;;;;;
S04_2020;LOT172;Mercantour;;F414;sainte_marie_41_132307;lot;fèces silica;3-Exploitable;S04-055;Femelle;1;12;1;timidus;0,997;0,961;1;;248248;206218;172172;191191;117117;158174;200200;130130;129129;174174;215220;116118;XX;1;626260;2020/01/21 13:25:08.000;41;2020-04-20;sainte_marie;132307;sainte_marie_41;;;;;;;
S04_2020;LOT173;Mercantour;;F414;sainte_marie_41_132894;lot;fèces silica;3-Exploitable;S04-144;Mâle;1;12;1;europaeus;0,003;0;0,033;;257257;208208;172172;189191;115117;170170;196200;130134;124129;180180;218220;108124;XY;1;630661;2020/01/21 11:11:29.000;41;2020-04-20;sainte_marie;132894;sainte_marie_41;;;;;;;
S04_2020;LOT174;Mercantour;;F414;raton_10_151279;lot;fèces silica;3-Exploitable;S04-056;Femelle;1;12;1;europaeus;0,018;0;0,189;;248251;210212;172172;189195;119119;170176;200204;114130;122127;186186;218218;122124;XX;1;630520;2020/03/10 09:55:46.000;10;2020-04-20;raton;151279;raton_10;;;;;;;
S04_2020;LOT175;Mercantour;;F414;raton_10_154179;lot;fèces silica;3-Exploitable;S04-056;Femelle;0,923076923076923;11;1;europaeus;0,02;0;0,209;;248251;210212;172172;189195;119119;170176;200204;114130;000000;184186;218218;122124;XX;1;630522;2020/03/10 12:04:38.000;10;2020-04-20;raton;154179;raton_10;;;;;;;
S04_2020;LOT223;Mercantour;;F414;barn_45_122327;lot;fèces silica;3-Exploitable;S04-002;Mâle;1;12;1;timidus;0,998;0,976;1;;243248;206206;172172;189189;117117;160174;200200;114114;129129;174174;220220;118118;XY;1;655669;2020-01-30 14:33:14;45;2020-04-20;barn;122327;barn_45;;;;;;;
S04_2020;LOT224;Mercantour;;F414;barn_45_122329;lot;fèces silica;3-Exploitable;S04-002;Mâle;1;12;1;timidus;0,998;0,977;1;;243248;206206;172172;189189;117117;160174;200200;114114;129129;174174;220220;118118;XY;1;626173;2020-01-30 10:47:10;45;2020-04-20;barn;122329;barn_45;;;;;;;
S04_2020;LOT227;Mercantour;;F414;adus_46_124664;lot;fèces silica;2-Douteux;S04-002;Mâle;0,615384615384615;7;1;timidus;0,997;0,962;1;;000000;206206;172172;000000;117117;000000;200200;114114;000000;174174;000000;118118;XY;1;655654;2020/01/23 09:35:29.000;46;2020-04-20;adus;124664;adus_46;;;;;;;
S04_2020;LOT277;Mercantour;;F414;oreille lièvre variable 08-09-19;lot;tissu;3-Exploitable;S04-145;Femelle;1;12;1;timidus;0,994;0,917;1;;243248;210216;172172;189191;117117;160160;200200;114114;127129;174174;215218;116116;XX;1 tissu;683530;;;;;;;;;;;;;
S04_2020;LOT278;Mercantour;;F414;Crottes lièvres maille isola 2000;lot;fèces silica;3-Exploitable;S04-057;Mâle;1;12;1;europaeus;0,003;0;0,032;;257257;208208;172172;191191;117117;166168;200204;126126;122127;180186;218220;122124;XY;1;550028;;;;;;;;;;;;;
S04_2020;LOT279;Mercantour;;F414;Crottes lièvres maille isola 2000;lot;fèces silica;3-Exploitable;S04-057;Mâle;0,923076923076923;11;1;europaeus;0,003;0;0,035;;257257;208208;172172;191191;117117;166168;200204;126126;000000;180186;218220;122124;XY;1;550037;;;;;;;;;;;;;
S04_2020;LOT280;Mercantour;;F414;Crottes lièvres maille isola 2000;lot;fèces silica;3-Exploitable;S04-057;Mâle;1;12;1;europaeus;0,003;0;0,032;;257257;208208;172172;191191;117117;166168;200204;126126;122127;180186;218220;122124;XY;1;550044;;;;;;;;;;;;;
S04_2020;LOT281;Mercantour;;F414;sachet maille lièvre louch MR GG 09-03-20;lot;fèces silica;3-Exploitable;S04-058;Mâle;1;12;1;timidus;0,994;0,923;1;;244248;206206;172172;189189;117117;158162;200200;114130;129129;174174;215218;116118;XY;1;550002;;;;;;;;;;;;;
S04_2020;LOT282;Mercantour;;F414;sachet maille lièvre louch MR GG 09-03-20;lot;fèces silica;3-Exploitable;S04-058;Mâle;1;12;1;timidus;0,994;0,92;1;;244248;206206;172172;189189;117117;158162;200200;114130;129129;174174;215218;116118;XY;1;550005;;;;;;;;;;;;;
S04_2020;LOT283;Mercantour;;F414;sachet maille lièvre louch MR GG 09-03-20;lot;fèces silica;3-Exploitable;S04-059;Mâle;1;12;1;europaeus;0,004;0;0,053;;251255;208208;172172;189189;117125;162170;200200;118134;127131;184186;218218;116124;XY;1;550016;;;;;;;;;;;;;
S04_2020;LOT284;Mercantour;;F414;sachet maille lièvre louch MR GG 09-03-20;lot;fèces silica;3-Exploitable;S04-059;Mâle;0,923076923076923;11;1;europaeus;0,005;0;0,068;;251255;208208;172172;189189;117125;000000;200200;118134;127131;184186;218218;116124;XY;1;550023;;;;;;;;;;;;;
S04_2020;LOT285;Mercantour;;F414;sachet maille lièvre louch MR GG 09-03-20;lot;fèces silica;3-Exploitable;S04-060;Mâle;0,923076923076923;11;1;timidus;0,994;0,927;1;;248248;208208;172172;189191;117117;160174;200200;114130;000000;174182;220220;116116;XY;1;550035;;;;;;;;;;;;;
S04_2020;LOT286;Mercantour;;F414;sachet maille lièvre louch MR GG 09-03-20;lot;fèces silica;3-Exploitable;S04-059;Mâle;1;12;1;europaeus;0,005;0;0,058;;251255;208208;172172;189189;117125;162170;200200;118134;127131;184186;218218;116124;XY;1;550043;;;;;;;;;;;;;
S04_2020;LOT287;Mercantour;;F414;sachet maille lièvre louch MR GG 09-03-20;lot;fèces silica;3-Exploitable;S04-060;Mâle;0,923076923076923;11;1;timidus;0,994;0,919;1;;248248;208208;172172;189191;117117;160174;200200;114130;000000;174182;220220;116116;XY;1;550050;;;;;;;;;;;;;
S04_2020;LOT288;Mercantour;;F414;sachet maille lièvre louch MR GG 09-03-20;lot;fèces silica;3-Exploitable;S04-058;Mâle;1;12;1;timidus;0,994;0,921;1;;244248;206206;172172;189189;117117;158162;200200;114130;129129;174174;215218;116118;XY;1;626526;;;;;;;;;;;;;
S04_2020;LOT289;Mercantour;;F414;sachet maille lièvre louch MR GG 09-03-20;lot;fèces silica;3-Exploitable;S04-146;Mâle;0,846153846153846;10;1;timidus;0,996;0,957;1;;000000;218218;172172;000000;117117;160174;200200;118122;127129;174182;215220;116118;XY;1;626531;;;;;;;;;;;;;
